X,Y,Z,azimuth,dip,polarity,formation
539978.049360485,7509933.1756467,665.9286310492405,252.49545603619094,4.299771664328745,1,Weeli_Wolli_Formation
540506.896457065,7508121.4148606155,649.0979724038905,289.4341331363009,4.2963382087790905,1,Weeli_Wolli_Formation
537637.2802041951,7505846.915162301,622.8164622568711,349.4643928974439,23.521322622967844,1,Weeli_Wolli_Formation
533815.490857695,7504841.883651394,601.228214547226,327.9944783391077,5.308333496233075,1,Weeli_Wolli_Formation
531085.822018183,7503424.192092365,591.8444365777763,14.632832560261136,24.496375583485943,1,Weeli_Wolli_Formation
528013.059679545,7502708.314622914,550.1593600841815,355.42718779754676,31.64071007833593,1,Weeli_Wolli_Formation
524770.165104405,7502329.020945745,560.4442773467321,350.51920595791944,43.6109878564838,1,Weeli_Wolli_Formation
520535.5074258599,7501717.9229772575,542.5713478441367,358.2851054030008,42.92770870033316,1,Weeli_Wolli_Formation
517898.45639204886,7501093.3532083435,520.5266205048606,343.2522273139944,48.85820033062519,1,Weeli_Wolli_Formation
518451.74463226,7508479.230168435,653.6739893083397,165.86711715829495,46.89131433493653,1,Weeli_Wolli_Formation
521553.22869033914,7509035.112303016,560.9427463375731,184.68268183784528,36.13237893334328,1,Weeli_Wolli_Formation
524303.9295138051,7509462.80558246,567.526614330126,170.7955345512678,6.83121470421743,1,Weeli_Wolli_Formation
528261.511217395,7510303.630070105,605.0511083687865,163.30359577606703,15.334570348877207,1,Weeli_Wolli_Formation
532369.0235282,7511663.491073235,627.8377858699464,154.4350153266912,14.870382840867407,1,Weeli_Wolli_Formation
534067.0898217049,7512392.974521,670.4167619435165,171.85478588149522,9.494708289392833,1,Weeli_Wolli_Formation
537961.432376185,7511789.608547455,654.9426428042326,202.24608110213296,1.0338227639298339,1,Weeli_Wolli_Formation
519922.855516935,7510700.49570857,594.8912354262952,172.6914613421343,24.437852479786315,1,Wittenoom_Formation
523048.02554265957,7511696.634111813,580.1913984629144,149.73617715173236,9.063645458353477,1,Wittenoom_Formation
524965.16076637,7513561.55955241,596.51250561985,129.0941584567767,11.69535498115907,1,Wittenoom_Formation
526487.730267925,7517135.579473835,631.874430327732,98.12565537055025,5.104118526807213,1,Wittenoom_Formation
526854.92044841,7519500.1347884,627.102802058902,42.28745104992447,10.376018356653091,1,Wittenoom_Formation
527168.08479123,7520569.174671875,628.5918936053298,160.1252526243461,13.048326136855607,1,Wittenoom_Formation
530849.995220055,7520256.246672455,609.5870656723738,187.32001312865304,16.215228709847466,1,Wittenoom_Formation
533742.970656035,7520098.24971456,612.565942363507,173.27752356108533,18.981169349254472,1,Wittenoom_Formation
550259.7512952699,7519635.423818275,658.367720890534,226.72835386379484,31.012437041922993,1,Wittenoom_Formation
551820.2106207199,7517585.61939792,646.7578697757199,219.80833246953887,28.0871977785271,1,Wittenoom_Formation
552018.530453105,7516487.869023985,643.0568018022,274.39819732498574,24.48033026208209,1,Wittenoom_Formation
550577.073265845,7514927.38086921,650.2737255549932,352.8612449758801,13.106625693184498,1,Wittenoom_Formation
548011.594352125,7514041.38387348,625.2230936409873,333.4442241842472,1.3281019123976279,1,Wittenoom_Formation
546726.2813055016,7512731.600717038,635.3411224561036,325.0296616962578,6.203633708014863,1,Wittenoom_Formation
546239.663881355,7511670.246964795,646.707030317539,286.6872602909004,10.1380005053027,1,Wittenoom_Formation
544745.17500337,7510007.90110997,668.6668452398062,309.3256855354385,15.867733269053417,1,Wittenoom_Formation
543475.585569415,7506648.89978729,614.6644759428234,307.86153475053203,2.696031174361565,1,Wittenoom_Formation
539825.725655455,7503342.89565691,583.9544964510717,333.9172831878535,25.794459212148922,1,Wittenoom_Formation
536863.48003468,7503051.639916776,585.7138703483761,307.8761647659537,19.13666817684259,1,Wittenoom_Formation
536043.5198349,7501279.869339115,547.0695508218521,346.98159358473015,6.55096723562788,1,Wittenoom_Formation
532579.6545240919,7501109.526704032,558.3672834013512,356.5716818329778,22.48684337277608,1,Wittenoom_Formation
528755.2595402,7501010.559260275,558.5662150563242,353.6546516125883,33.21621880036427,1,Wittenoom_Formation
532403.793587245,7520891.245459585,633.7870193507495,147.8967883967606,19.16120423258461,1,Marra_Mamba_Iron_Formation
549640.4746225451,7520788.18345459,680.7678149982689,197.17279343343057,28.5045232064901,1,Marra_Mamba_Iron_Formation
551571.896228555,7519743.42064951,687.3629320736794,224.57679862911266,31.3785149372682,1,Marra_Mamba_Iron_Formation
553158.67871308,7518005.144077539,677.83341476309,240.02880564478653,27.8743976326614,1,Marra_Mamba_Iron_Formation
553026.76498694,7516132.881122145,681.4117248763913,319.4404708070117,21.4264482338273,1,Marra_Mamba_Iron_Formation
551999.52199276,7514902.41648585,651.4599822768716,331.9203307852867,15.4167373075081,1,Marra_Mamba_Iron_Formation
549936.6440153851,7514249.879969545,686.0740818817521,326.0803900294932,9.870260017677154,1,Marra_Mamba_Iron_Formation
547878.06016185,7513312.634993495,673.3103607040116,328.5230161622462,3.471389675893633,1,Marra_Mamba_Iron_Formation
547065.1518385091,7512048.262131684,684.4657343318024,297.9300609096384,7.595302082650051,1,Marra_Mamba_Iron_Formation
546765.8207325845,7511009.77776009,667.9937461647238,281.52877040763894,9.993622264146879,1,Marra_Mamba_Iron_Formation
545709.390565855,7509976.640225081,699.7693386277367,311.7911015198801,13.229373693435065,1,Marra_Mamba_Iron_Formation
544865.308746795,7508355.144806145,688.8549811685721,304.88432732207644,11.127906104334983,1,Marra_Mamba_Iron_Formation
543948.80037056,7506864.398515895,618.6040293962452,303.937432619672,2.0986049210676185,1,Marra_Mamba_Iron_Formation
542739.87563304,7504741.648057965,624.3423924812826,321.6161681951538,16.419728139087155,1,Marra_Mamba_Iron_Formation
540523.16433869,7503325.15400174,596.6999046788916,325.91895904370676,25.550765481155565,1,Marra_Mamba_Iron_Formation
537952.6905177,7502403.394207574,637.0098049794702,348.0898694204055,19.95310333470043,1,Marra_Mamba_Iron_Formation
537322.756298895,7501665.384569909,588.6836567612729,270.2720172147539,16.08403822770211,1,Marra_Mamba_Iron_Formation
535976.235242035,7500689.37527097,538.6959215254622,353.56944493367513,4.6972104362831,1,Marra_Mamba_Iron_Formation
533973.322862685,7500763.609422315,568.0708197320849,333.72866152291965,11.869377225248982,1,Marra_Mamba_Iron_Formation
532443.9799124349,7500781.591199866,562.3087393301874,0.29802680120610603,23.062179931520788,1,Marra_Mamba_Iron_Formation
529429.349794275,7500744.0637206845,558.0319134512262,0.8411354951247745,33.32601406185917,1,Marra_Mamba_Iron_Formation
527827.606573235,7500240.298485534,555.9605465840922,0.2704917650362404,34.10477460332421,1,Marra_Mamba_Iron_Formation
559190.474683385,7485859.81949822,570.5539727884078,5.010258168819973,28.450531403460282,1,Turee_Creek_Group
556320.450320815,7486533.2906808,544.3155223660638,21.9794640606616,52.065727020333675,1,Turee_Creek_Group
552539.6054199,7488215.253426066,536.0007871938,26.893052208992515,52.38365103536931,1,Turee_Creek_Group
550638.920361385,7488970.231010585,556.434886891024,20.280842646178428,37.375499559568034,1,Turee_Creek_Group
550244.6457649351,7489261.979971195,572.1745519969529,71.74878201995637,37.375499559568034,1,Turee_Creek_Group
550269.51999064,7489561.729291175,565.0009236213132,123.50293216889935,30.861496886825705,1,Turee_Creek_Group
551154.52439263,7489923.846449115,558.7149901522735,166.77445927877807,34.59506324338283,1,Turee_Creek_Group
553416.96384789,7490379.004094335,552.765321260554,181.53606067237058,38.656762857371554,1,Turee_Creek_Group
554743.124045105,7490273.269830565,554.2638430132774,194.7254877239384,35.284464545023454,1,Turee_Creek_Group
555049.833844615,7490037.018998515,551.3423209938674,246.3687705372315,35.284464545023454,1,Turee_Creek_Group
555099.34523389,7489616.26988951,549.9060475060787,206.74050458229055,40.68520455689009,1,Turee_Creek_Group
555551.524739355,7489793.5242527,549.9578875577738,139.44256948655396,37.74786925601973,1,Turee_Creek_Group
556474.36014835,7490157.539870755,562.2449641980996,174.75922295192424,26.215896199051876,1,Turee_Creek_Group
559429.445946845,7490119.320092405,606.7082074310513,171.24287058254595,38.29366257714966,1,Turee_Creek_Group
561251.54317052,7490461.58422179,580.0966856854209,183.23611979372015,46.62903521645853,1,Turee_Creek_Group
562237.3946909816,7485229.555628214,602.9769044732975,357.97253298734535,3.0904604815975745,1,Boolgeeda_Iron_Formation
559879.7154419599,7485057.080339599,626.2533108352637,1.9726242821664641,25.31051468313926,1,Boolgeeda_Iron_Formation
558060.35580585,7485458.80510827,590.1582942730417,11.5085998364263,44.04539484264804,1,Boolgeeda_Iron_Formation
555703.144631345,7486114.03374151,587.6726599660318,16.16237075314575,54.40236165411821,1,Boolgeeda_Iron_Formation
551769.593196215,7487929.248739636,563.1610279091244,28.08517562190781,51.16840392045406,1,Boolgeeda_Iron_Formation
550036.09933288,7488741.734540305,555.0880059265576,27.792270231827956,39.23818030639768,1,Boolgeeda_Iron_Formation
549767.9833980601,7489930.7242001705,573.9827469046546,134.9751301383585,27.18184688776853,1,Boolgeeda_Iron_Formation
551356.233613845,7490337.219367646,562.1531050002089,270.19290236136897,30.925080198275396,1,Boolgeeda_Iron_Formation
553565.794808175,7490830.75048428,563.2626821996104,171.9646935166022,32.38913998268368,1,Boolgeeda_Iron_Formation
555807.5487710449,7490585.770354405,560.584368481467,180.30055237945624,26.844696589238943,1,Boolgeeda_Iron_Formation
558471.9546975051,7490545.80589504,572.3607188660876,176.57678393080926,35.49669286289787,1,Boolgeeda_Iron_Formation
560789.4943011501,7491078.074718455,581.6234751836932,169.03473616972337,47.78219935679547,1,Boolgeeda_Iron_Formation
561618.4547170401,7491040.836369265,568.7502213093068,195.37751997173154,47.54593369508656,1,Boolgeeda_Iron_Formation
562105.9293420999,7475765.8464853,661.3728463818338,83.65601332333011,8.378063944753038,1,Mount_McRae_Shale_and_Mount_Sylvia_Formation
561510.8387332549,7477934.84419016,664.2453849485524,62.586644070339844,14.294381187521424,1,Mount_McRae_Shale_and_Mount_Sylvia_Formation
560375.17128294,7483192.580446631,622.421284417781,12.247065716876193,25.852963630738103,1,Weeli_Wolli_Formation
556772.50979038,7484235.05162076,582.3895047462929,17.41549805774065,47.32758077161019,1,Weeli_Wolli_Formation
554176.3811324751,7485264.2704652995,551.9554626278594,22.581483753991847,40.92383108777875,1,Weeli_Wolli_Formation
552416.08018272,7486190.25837655,518.0191597615808,16.744009581817863,43.54625924114331,1,Weeli_Wolli_Formation
550870.97850539,7486908.244996071,557.5353238199277,45.73103092569676,45.50178934492173,1,Weeli_Wolli_Formation
549503.430968525,7487520.4849622045,567.1141159376343,15.756308530191177,42.873002620848894,1,Weeli_Wolli_Formation
546688.0113479499,7488609.8459713375,635.6214943329243,30.813754828927358,31.99952343091978,1,Weeli_Wolli_Formation
546597.49122317,7490490.1905019,630.9757578006822,153.9968744530911,10.60789199182652,1,Weeli_Wolli_Formation
549209.614570085,7491165.958380195,573.7664898214563,167.18390676332103,27.203451268448134,1,Weeli_Wolli_Formation
552949.618537255,7491716.000243586,589.9062952754009,177.62485337610406,26.8556305136216,1,Weeli_Wolli_Formation
558394.5811158,7492101.040616445,622.039976536572,160.98228844640607,42.96509534439971,1,Weeli_Wolli_Formation
541583.06543022,7490226.405509425,609.9248543372844,108.45923318491225,21.501871359554045,1,Mount_McRae_Shale_and_Mount_Sylvia_Formation
542539.8805145285,7490851.750268806,611.1886569098451,157.10976799444086,18.837728040339314,1,Mount_McRae_Shale_and_Mount_Sylvia_Formation
543378.2561185551,7491236.410231585,622.7793001858893,143.15193909651396,15.801066825847059,1,Mount_McRae_Shale_and_Mount_Sylvia_Formation
544825.680267955,7492021.914691355,600.2762778486812,156.09232137569597,8.436904093741163,1,Mount_McRae_Shale_and_Mount_Sylvia_Formation
546519.880259805,7492616.41959412,613.6609547403411,167.87288130149045,12.990323982555594,1,Mount_McRae_Shale_and_Mount_Sylvia_Formation
548361.337690945,7492528.240553094,576.0789259568136,182.29535011036228,41.96829152535687,1,Mount_McRae_Shale_and_Mount_Sylvia_Formation
549570.565372285,7492750.20206278,585.7936444618972,163.08071146464658,47.97996192102008,1,Mount_McRae_Shale_and_Mount_Sylvia_Formation
551209.41334241,7493229.337418025,623.1629894939697,173.4006026612601,47.581119382150035,1,Mount_McRae_Shale_and_Mount_Sylvia_Formation
553139.7751447749,7493154.995050175,640.9339050598048,175.90547067726243,40.38573147432302,1,Mount_McRae_Shale_and_Mount_Sylvia_Formation
555428.655492105,7493200.009926464,604.6497940495366,173.40098883306007,36.51263830853925,1,Mount_McRae_Shale_and_Mount_Sylvia_Formation
558155.149467505,7494064.034432204,627.7980445316518,158.20501369819112,38.96836910503668,1,Mount_McRae_Shale_and_Mount_Sylvia_Formation
561599.68585067,7494569.058804344,601.1512513066464,173.1932871943476,32.05482771061736,1,Mount_McRae_Shale_and_Mount_Sylvia_Formation
562261.49992171,7478416.58897701,776.1413546999415,74.35804507445977,11.665546767684432,1,Brockman_Iron_Formation
561419.4898752,7479875.339643991,751.8428146642439,20.671728494247986,17.942740675575834,1,Brockman_Iron_Formation
560183.45420172,7480728.58047325,745.1578402496734,39.279890628137935,26.454136587108387,1,Brockman_Iron_Formation
558589.75524621,7481914.80896917,754.3404724398287,35.361024020252785,34.873276076337895,1,Brockman_Iron_Formation
555673.794032505,7483875.035294055,652.0614944809934,34.19570604438445,42.80446687266583,1,Brockman_Iron_Formation
542278.500379775,7489386.409866485,704.4020445964368,75.20281550073895,26.295473288880807,1,Brockman_Iron_Formation
542664.443197394,7490552.257688791,618.8241610458372,154.37018493317555,18.837728040339314,1,Brockman_Iron_Formation
544026.970432885,7491314.915487045,636.4819476392437,132.82037531561735,15.06746118759196,1,Brockman_Iron_Formation
544932.2007127,7491702.909918185,660.5978005972529,144.5246325376092,10.26709178028402,1,Brockman_Iron_Formation
547164.7438898401,7492417.434595564,609.3064919134911,184.35850504115842,18.697593195488835,1,Brockman_Iron_Formation
549635.434485585,7492491.95423555,613.1489713478811,167.47781615731037,47.97996192102008,1,Brockman_Iron_Formation
551638.81363276,7492920.53274309,634.0561561072348,182.46559102621757,43.57171202867892,1,Brockman_Iron_Formation
555797.309919995,7492879.009894115,609.2570661424709,162.48512685518642,35.13832563991875,1,Brockman_Iron_Formation
558253.115321635,7493534.034132585,641.620127295633,156.81599854356807,41.12033816847481,1,Brockman_Iron_Formation
561188.21023505,7494035.05939953,676.8649009011142,175.39555524696073,36.21511732704277,1,Brockman_Iron_Formation
560295.77440056,7475614.09610116,629.1187597096729,64.28640116910867,11.909425749283656,1,Marra_Mamba_Iron_Formation
559906.22408488,7477270.83242407,670.0576158727054,103.9962976759004,17.460381293546334,1,Marra_Mamba_Iron_Formation
559469.0607226749,7478944.065403881,603.968389696764,43.8463868559636,23.181730424373782,1,Marra_Mamba_Iron_Formation
556295.4364664201,7482207.290072154,575.7946487055749,38.15601894330297,39.482018422386446,1,Marra_Mamba_Iron_Formation
551338.54984335,7485090.04380109,523.0463412271979,270.1932716742035,33.989624393577195,1,Marra_Mamba_Iron_Formation
544022.298638955,7487664.68465946,626.2147545460773,20.499911357530266,37.93002657077024,1,Marra_Mamba_Iron_Formation
519517.75523985,7500007.7092093695,544.3334186870081,316.8130779205132,44.40068287084242,1,Mount_McRae_Shale_and_Mount_Sylvia_Formation
517669.91062289,7498600.186152484,557.4826086224004,324.79872349204993,45.46986406630017,1,Mount_McRae_Shale_and_Mount_Sylvia_Formation
519931.834325765,7499583.206071265,517.0516673856868,333.4336355717433,41.648415873895786,1,Wittenoom_Formation
517829.94979301,7497980.185686345,539.8542199830572,317.6399696260865,43.86973852348277,1,Wittenoom_Formation
531685.33584219,7508472.16879392,591.6166111945483,166.8738595169824,8.408411191120777,1,Turee_Creek_Group
533074.21471681,7507881.66994208,591.0985934413736,281.31155769549036,3.471473683272066,1,Turee_Creek_Group
529727.5601100749,7505727.109569751,562.9460465683181,327.6060093554247,12.1206611015959,1,Turee_Creek_Group
522082.924057035,7504042.75078942,527.3669293834038,349.9319221488938,38.29516089211036,1,Turee_Creek_Group
517744.06124803505,7503274.69944447,515.9523866624093,348.954196996262,51.38545816933899,1,Turee_Creek_Group
517804.950338525,7506046.465407405,520.3661259861157,165.47728339372532,52.91981311223401,1,Turee_Creek_Group
525090.41783183,7507225.2980939,552.7653171476838,171.43362607822712,18.188168991228466,1,Turee_Creek_Group
525195.62039369,7507924.54934537,561.9532761998031,166.66211765931473,13.300544054916884,1,Boolgeeda_Iron_Formation
530911.4760851,7509142.918847915,592.1347917516498,162.48316387037084,11.215157089377016,1,Boolgeeda_Iron_Formation
534413.972086655,7510229.44100982,620.7747399972042,177.24805033864845,6.023809365245128,1,Boolgeeda_Iron_Formation
536677.82857801,7509802.941024775,622.4308774375734,256.777707354884,7.557237624120958,1,Boolgeeda_Iron_Formation
535439.2655422201,7508472.93436249,608.9516331476053,303.7144048147878,9.41904329788386,1,Boolgeeda_Iron_Formation
534606.7357914599,7507417.163993729,593.612081035024,339.41478837810433,8.583643590291317,1,Boolgeeda_Iron_Formation
532383.3803470749,7506158.12940393,575.0,321.3004056231518,2.881389035523128,1,Boolgeeda_Iron_Formation
530140.3648564001,7505170.115017081,567.3978032965101,332.64298207709516,15.312150353840181,1,Boolgeeda_Iron_Formation
527933.9289082449,7504414.5679616,551.1353229071606,347.2987343597661,23.679015016586476,1,Boolgeeda_Iron_Formation
518008.02076309,7502868.699224345,516.0514534145781,347.11846575904883,50.80698997754075,1,Boolgeeda_Iron_Formation
560590.324082375,7484645.83266337,595.3123804800716,4.092623892377333,22.232697548422777,1,Woongarra_Rhyolite
556284.84410281,7485516.791018855,565.540995652479,7.931591065659404,52.69021130658364,1,Woongarra_Rhyolite
554228.2959858,7486212.270277455,545.8956362851425,24.240529164481075,52.95705804788549,1,Woongarra_Rhyolite
552181.3805924901,7487347.25036599,540.2944675830338,31.607167704278993,49.88584164259777,1,Woongarra_Rhyolite
550500.925275635,7488187.48464825,559.9908591411407,25.43260520639012,44.8034805529647,1,Woongarra_Rhyolite
548874.10099889,7489394.219924515,569.3710448730743,71.55905449821836,28.714883322876915,1,Woongarra_Rhyolite
549446.205612125,7490189.72017787,571.9382750407822,159.65321198005813,17.603133733530882,1,Woongarra_Rhyolite
551389.40230113,7490649.384535335,563.5403951857033,170.53560601737945,24.54312355203777,1,Woongarra_Rhyolite
553737.14626468,7491116.25551996,569.4775383620994,174.56497320259018,28.077994136726474,1,Woongarra_Rhyolite
556941.6791222501,7490875.968136121,573.0264694797268,182.24348967398282,26.18313888443256,1,Woongarra_Rhyolite
559839.69452602,7491302.310696704,582.0486237969849,167.23773437830027,46.43494827681946,1,Woongarra_Rhyolite
549245.63045506,7474814.700144565,460.70073414978543,92.27779474188117,11.416197235340462,1,Fortescue_Group
549745.07941362,7476893.225278325,469.8038649435026,96.33903028558018,18.99815771222687,1,Fortescue_Group
550366.65894727,7476020.480565036,466.96507316755344,261.6353531334008,17.20622483954608,1,Fortescue_Group
544000.80473196,7476488.371548295,457.12725795524227,80.26902480783235,26.5170622998992,1,Mount_Roe_Basalt
543919.629978295,7520138.948598836,642.4601261605193,192.06953217574323,20.183131513924366,1,Mount_McRae_Shale_and_Mount_Sylvia_Formation
547309.345072825,7519110.9208171405,637.2668485950687,216.37598745748005,18.0881819678427,1,Mount_McRae_Shale_and_Mount_Sylvia_Formation
548728.868495605,7517409.889132449,665.1319990827786,232.15435949671792,19.848932572141834,1,Mount_McRae_Shale_and_Mount_Sylvia_Formation
547774.339014175,7516320.645155596,801.0417527854019,342.88440357311555,6.2443317433627215,1,Mount_McRae_Shale_and_Mount_Sylvia_Formation
546636.22934777,7515133.649562425,727.2235717883049,318.0444520845605,12.092791795884395,1,Mount_McRae_Shale_and_Mount_Sylvia_Formation
544751.665567295,7514007.658955115,725.2641732715982,289.4414438008372,18.04538156869178,1,Mount_McRae_Shale_and_Mount_Sylvia_Formation
544060.17836504,7511791.281458905,668.0954393235222,319.7891522667397,15.445433097464829,1,Mount_McRae_Shale_and_Mount_Sylvia_Formation
543368.75536116,7510005.899909265,679.6714217325166,272.2072144532682,18.170066905984086,1,Mount_McRae_Shale_and_Mount_Sylvia_Formation
542609.9857684949,7507950.154719345,668.8531716759395,273.1757774742738,14.211936016294956,1,Mount_McRae_Shale_and_Mount_Sylvia_Formation
541239.328875665,7505318.900902505,622.0762824002927,321.52656403306173,17.850052665741444,1,Mount_McRae_Shale_and_Mount_Sylvia_Formation
537788.371824025,7503605.90056684,651.3687707983902,345.24143052080433,24.250724153072596,1,Mount_McRae_Shale_and_Mount_Sylvia_Formation
535952.715339915,7503079.389087634,630.8908013577867,289.6613464161827,13.500087401858906,1,Mount_McRae_Shale_and_Mount_Sylvia_Formation
533150.33538687,7501647.860767545,660.9462731874399,352.86746104877307,17.874536364503854,1,Mount_McRae_Shale_and_Mount_Sylvia_Formation
522258.85392414,7510116.025177846,591.4548494546874,164.85368303868745,11.218502653859261,1,Mount_McRae_Shale_and_Mount_Sylvia_Formation
525374.572858025,7511971.72846655,600.4978687325022,147.9707986179044,11.411049816489637,1,Mount_McRae_Shale_and_Mount_Sylvia_Formation
528708.356534675,7513053.419733895,643.2267990438387,166.59416702841224,21.049129359275426,1,Mount_McRae_Shale_and_Mount_Sylvia_Formation
529540.575802055,7514485.18917573,634.4754714017765,85.2341017955041,18.529145301777604,1,Mount_McRae_Shale_and_Mount_Sylvia_Formation
529760.879025355,7516455.452582645,650.2029317293245,67.64073490299552,7.3699943638660415,1,Mount_McRae_Shale_and_Mount_Sylvia_Formation
531107.1191998799,7518107.505600575,640.6165464907565,164.600559228939,4.865096128787769,1,Mount_McRae_Shale_and_Mount_Sylvia_Formation
535610.45414417,7518548.2430191,624.0189432605843,168.9478605404023,13.845202953193393,1,Mount_McRae_Shale_and_Mount_Sylvia_Formation
538437.305130315,7519783.979779445,638.1183540902218,147.24105384561324,26.418686183002187,1,Mount_McRae_Shale_and_Mount_Sylvia_Formation
543120.050208845,7481161.67501459,467.62467372862625,38.27742038894729,57.421631255363586,1,Hardey_Formation
540571.92047039,7482251.1494187955,478.6154867155643,27.194802293771033,64.58781244371573,1,Hardey_Formation
536917.57505537,7482757.818993965,449.72545268769045,14.25115772315496,65.5569056146314,1,Hardey_Formation
533429.5244218949,7483438.794196704,434.7077471385802,18.187705481231774,52.26895967304214,1,Hardey_Formation
530081.890769185,7483555.51096028,415.72682321989504,336.5280740693107,35.55859755537642,1,Hardey_Formation
528683.325137215,7482856.99608998,441.9285310378274,332.87258484147145,13.785114969923058,1,Hardey_Formation
526028.53201337,7481725.22516611,396.1719489285025,324.6527585168597,14.88700725592652,1,Hardey_Formation
544806.3259296501,7475382.86372972,451.5635482255732,88.21230362902162,25.783970048578,1,Hardey_Formation
544548.436019545,7476650.889727036,456.60967880924863,78.03742244648515,26.4195088456172,1,Hardey_Formation
544893.38073768,7474313.096211855,449.2522711222684,77.07054701529182,30.635918614049764,1,Hardey_Formation
544705.39889934,7476898.139781805,468.04822624327466,196.30240567511532,26.095545303453676,1,Hardey_Formation
545334.245876965,7477407.16084828,466.05878777999015,97.17806819753764,26.480248788169042,1,Hardey_Formation
524598.0203352582,7480040.605157327,388.1307839748306,299.6146820389967,22.452424912602027,1,Hardey_Formation
523857.13571875996,7477797.43036912,379.97725840114754,276.0654479419879,15.222282540025802,1,Hardey_Formation
523934.713889245,7475394.39853016,389.01436576294265,256.62971021721705,2.496919290985076,1,Hardey_Formation
520447.05604192,7474837.164929285,372.18991259927645,67.33836536291608,15.604933348464911,1,Fortescue_Group
519562.34622464003,7477343.150881325,393.9130523692703,84.31587641413114,11.28969318065515,1,Fortescue_Group
520158.22473421996,7479609.149887235,403.9448166333958,102.7031269026499,19.148578734245106,1,Fortescue_Group
520808.35596029495,7481250.662016731,424.0424175227712,120.78290961046883,24.935979151117706,1,Fortescue_Group
522469.52183491224,7483492.36292739,440.61668834676584,132.8093680751566,24.042189677588198,1,Fortescue_Group
523822.49639166996,7484531.44842964,429.83648987930894,158.20521347395538,17.790305378352187,1,Fortescue_Group
524915.8246903,7485088.721981995,447.1455625931718,151.07805814517224,12.440616334828889,1,Fortescue_Group
526634.90932195,7485521.744647576,432.0700411568493,171.30034175949243,15.970508575614986,1,Fortescue_Group
528245.6531967949,7485904.50450153,417.86368331410745,157.4289134634986,36.69265616606139,1,Fortescue_Group
529179.05395031,7486001.519427225,418.74796313456795,310.6137614810511,43.723989874133565,1,Fortescue_Group
527402.261287075,7485072.2452068,430.91521034664606,355.50830922763066,22.261829516510858,1,Fortescue_Group
524868.41558987,7484487.715508815,427.3111973053933,342.377463686351,13.176339665469925,1,Fortescue_Group
523331.479607025,7483585.94385743,445.99105132615523,316.3006833511397,21.92800878109236,1,Fortescue_Group
521620.230909415,7481472.430478385,437.0966568540968,309.19322900950704,25.857692290706453,1,Fortescue_Group
520248.539172995,7478552.140101265,404.4552053938472,282.90634465854913,15.156501050003612,1,Fortescue_Group
520420.09441561,7476514.405066535,425.63771115255247,245.1002120269451,9.283279416907831,1,Fortescue_Group
521666.98413532495,7474604.659231694,384.9302768580807,228.1096464258361,12.577483712465323,1,Fortescue_Group
535687.700353515,7476211.89089673,429.2961006860386,20.856960869164823,26.007737935091924,1,Rocklea_Inlier_metagranitic_unit
535208.4196695399,7476392.648511279,430.9717312612687,88.43869752289055,25.447985435377475,1,Rocklea_Inlier_metagranitic_unit
534832.7846420901,7476970.660689655,418.19834375483606,0.3556667125340027,34.25399532777808,1,Rocklea_Inlier_metagranitic_unit
534178.02299162,7476356.89566149,416.8142624216674,232.69240243784907,22.193687758051354,1,Rocklea_Inlier_metagranitic_unit
534426.251991095,7475741.374800995,420.5567826649075,329.06658630590084,18.851337277104477,1,Rocklea_Inlier_metagranitic_unit
533579.089754785,7474781.582950899,420.9985752594148,275.6290138060841,9.27583110015739,1,Rocklea_Inlier_metagranitic_unit
534106.1200957301,7473954.568487095,422.5086232148337,188.72054618233494,5.4307629887114075,1,Rocklea_Inlier_metagranitic_unit
534741.989455085,7474597.07980033,426.0524721838252,121.48969842615304,9.349872419432302,1,Rocklea_Inlier_metagranitic_unit
541034.639626895,7476870.585054349,450.96462744847844,5.829117403242492,26.86326005732475,1,Rocklea_Inlier_metagranitic_unit
539909.8450333,7477659.83011264,469.7048921506789,18.74629279184444,43.3769882834619,1,Rocklea_Inlier_metagranitic_unit
538480.04552005,7478678.31352408,429.2574761051354,31.952265241980967,55.554029719999484,1,Rocklea_Inlier_metagranitic_unit
536550.375472285,7479367.506371935,418.75631856910195,356.23320995301054,55.601514805318246,1,Rocklea_Inlier_metagranitic_unit
535919.405066125,7478490.721316695,420.2644838249731,233.62573400037058,50.51619138654548,1,Rocklea_Inlier_metagranitic_unit
537382.4900641551,7478512.516418565,436.0700603987343,190.37179354611123,54.532037167245846,1,Rocklea_Inlier_metagranitic_unit
538806.020049665,7477512.78466902,447.5567015595401,320.00499779603376,45.10103096011909,1,Rocklea_Inlier_metagranitic_unit
537301.4160391,7477418.231148225,430.0033795002282,351.5787795679281,39.355787865660545,1,Rocklea_Inlier_metagranitic_unit
536387.36921347,7476551.66380821,422.73440948614586,245.21124667378535,32.4744157408483,1,Rocklea_Inlier_metagranitic_unit
536598.42946319,7475100.114655465,438.7480712149566,264.3767978065315,13.428759071900828,1,Rocklea_Inlier_metagranitic_unit
537351.9132082299,7474885.124383859,443.80231203083065,131.19311348655498,6.299544545238291,1,Rocklea_Inlier_metagranitic_unit
537903.353816445,7475729.94073975,441.69048878557106,153.56100984865907,17.680935617811883,1,Rocklea_Inlier_metagranitic_unit
538981.966399185,7476023.23523353,452.0229697422858,138.77328848898998,23.20813934750086,1,Rocklea_Inlier_metagranitic_unit
540636.354454015,7476378.5615972895,448.7817749556159,189.1880119942756,21.05753409556469,1,Rocklea_Inlier_metagranitic_unit
543148.80047053,7477851.900064415,466.9978552908108,17.074648414496664,33.94163556769207,1,Rocklea_Inlier_metagranitic_unit
541776.494658445,7478123.396014931,461.08951769742043,352.17475085805705,43.021342424523255,1,Rocklea_Inlier_metagranitic_unit
542372.750972135,7477146.363923545,460.823591061236,210.9617209129799,30.423136678017173,1,Rocklea_Inlier_metagranitic_unit
543327.8642854299,7476068.600719821,470.3739210669771,265.0756487115982,24.94164337569451,1,Rocklea_Inlier_metagranitic_unit
543373.091428255,7474884.57559536,466.4665730808621,255.86019407646063,30.165069839123632,1,Rocklea_Inlier_metagranitic_unit
543980.61386004,7474267.06448399,456.77399551909525,191.0284574589133,33.14660291411969,1,Rocklea_Inlier_metagranitic_unit
544592.14407108,7474473.835906265,466.16082771723325,111.46910685648913,29.17982234419837,1,Rocklea_Inlier_metagranitic_unit
550349.723386485,7510129.63425705,555.36206203651,124.72175105897452,7.810923616034444,1,Fortescue_Group
552131.15395585,7511957.87490536,563.8695316342676,149.53539286290868,8.681919935707924,1,Fortescue_Group
554147.449202705,7513106.635037335,574.7972222850352,146.58775074803316,10.30768199170599,1,Fortescue_Group
555714.98994479,7513766.650698654,597.9811868841404,147.21506824212315,10.990660941332166,1,Fortescue_Group
556364.8740393501,7516003.39637314,623.19472631188,93.3376214538207,16.990641595989587,1,Fortescue_Group
556834.76136489,7518130.68036731,625.3634486852154,103.24363806184391,20.93217068521264,1,Fortescue_Group
557256.66509391,7518849.486134345,628.9368478083795,257.0053114822009,21.171673835043663,1,Fortescue_Group
557170.8682435399,7516979.415602965,625.9355636168118,278.9259757660451,18.87639374818326,1,Fortescue_Group
556803.16641388,7514568.8981913645,607.4836622170191,269.3827230889482,13.048384545023481,1,Fortescue_Group
555126.00358654,7512945.645839915,580.9761920679349,338.3982504203921,8.949199284149557,1,Fortescue_Group
552271.780126355,7511473.630176054,556.6446779685383,317.1383814941836,7.94763125772667,1,Fortescue_Group
520225.24460939004,7500853.469982956,621.77360701329,347.7316308790678,41.14031193596688,1,Brockman_Iron_Formation
518769.70401572675,7499648.129060768,524.3308520680552,341.63400735825894,44.794986053289456,1,Brockman_Iron_Formation
548008.85975579,7517382.144744391,855.19023007142,210.24303056457643,12.418927327762475,1,Brockman_Iron_Formation
547996.489616295,7516799.894302715,956.8264965376025,337.4588893324276,9.26873657756407,1,Brockman_Iron_Formation
546632.294857855,7516110.399364671,941.1770509680639,319.7474647510777,11.751893704819864,1,Brockman_Iron_Formation
545896.69371038,7515216.90879089,835.8484143060458,12.967538977543313,15.999142148248012,1,Brockman_Iron_Formation
544142.770986185,7514163.665734005,921.0142734093334,292.6891968115476,19.919415579578782,1,Brockman_Iron_Formation
544041.795247975,7512331.149938695,712.0020207287765,291.71821991332683,14.802207192754125,1,Brockman_Iron_Formation
541927.2454435851,7513004.915384545,732.2839888053821,7.1840295369997875,13.034833821457738,1,Brockman_Iron_Formation
542677.4965725001,7511769.9398722,814.7649134022738,254.05665613067765,14.162379632354856,1,Brockman_Iron_Formation
542770.98062372,7509160.911804105,772.5224032521893,320.1462819345434,18.077341689276537,1,Brockman_Iron_Formation
542145.8739035099,7507426.4089928195,735.2921919785555,282.5317870093594,5.696805867435742,1,Brockman_Iron_Formation
540458.246602545,7505160.39973582,654.6803783958766,331.2100678284338,22.133668075068343,1,Brockman_Iron_Formation
537442.345425385,7504004.150099635,759.0981353325363,5.921509319234474,23.452588049878273,1,Brockman_Iron_Formation
535614.0367681901,7503332.13983152,733.5854016318946,288.43329183360714,10.307160512951839,1,Brockman_Iron_Formation
533316.92982423,7501972.611753279,748.3519214406884,351.002803185138,12.68726894769263,1,Brockman_Iron_Formation
530254.12493122,7501832.080240255,596.4358658515916,359.99868181158547,31.24238706703438,1,Brockman_Iron_Formation
519606.1003523519,7509314.451171485,601.3370649438842,172.19061413558222,42.938615293699804,1,Brockman_Iron_Formation
522397.10517822497,7509820.312553835,602.5295223748662,168.0671386427607,20.164409576093618,1,Brockman_Iron_Formation
524169.22035638,7510545.556156065,591.8237860832286,134.36155464647578,4.060970004488112,1,Brockman_Iron_Formation
524889.9502847551,7510980.8253975995,633.2706231897746,173.1366960306891,8.59691644168251,1,Brockman_Iron_Formation
525724.3209396501,7511817.981949216,631.7792727888349,129.29128798911086,11.508006108785395,1,Brockman_Iron_Formation
527376.5393743899,7512291.129500495,626.2853925692275,180.2874083940742,16.9056320703487,1,Brockman_Iron_Formation
529311.865251425,7512678.440159176,770.9944647131167,154.33919426582872,21.755663513987685,1,Brockman_Iron_Formation
530039.4209450299,7513867.965676615,708.0499527770023,54.220802821656605,21.407279213068648,1,Brockman_Iron_Formation
529701.175250015,7514482.70485118,640.7514697186335,115.05046705080161,18.868796284383905,1,Brockman_Iron_Formation
530320.9103185651,7514688.720137135,665.3498533305226,155.99303878952526,18.851711484428577,1,Brockman_Iron_Formation
530839.1586871501,7514815.489428575,680.157081176767,147.6555793014864,18.513484994919523,1,Brockman_Iron_Formation
530789.5338001,7515031.48889029,698.8322671280448,48.01311184140633,16.563953275496303,1,Brockman_Iron_Formation
530496.28867419,7515447.230891811,705.313066922226,105.69937747975808,14.179375498673664,1,Brockman_Iron_Formation
530633.2723152749,7516362.98383204,882.845077173266,66.98072512506303,10.992992243697017,1,Brockman_Iron_Formation
531089.7500399901,7517391.50609064,711.4645234340537,172.80933153519845,3.190995726927298,1,Brockman_Iron_Formation
531777.3699513851,7517559.49981711,679.8853548034513,75.66367949485323,1.283767634098055,1,Brockman_Iron_Formation
534053.200035445,7518053.4992510155,691.5522387369679,181.38908226548017,6.419451264501305,1,Brockman_Iron_Formation
537376.37950788,7518136.979773095,722.3314843350704,132.11173866291847,18.066363156462472,1,Brockman_Iron_Formation
538410.7086670201,7518996.981018265,707.5209472190732,158.49824058715558,25.383274195326223,1,Brockman_Iron_Formation
539393.786706235,7519777.72580868,691.724701531643,102.75244680844258,27.175479303919175,1,Brockman_Iron_Formation
540067.851365335,7520662.219538186,630.5829827404015,154.96035675614223,27.26479537178958,1,Brockman_Iron_Formation
542208.634914015,7520193.4570411,667.7321675148866,199.26887779045603,24.371652622896093,1,Brockman_Iron_Formation
544849.45142198,7519443.197025945,659.9557276064021,193.02598443280021,17.60502553400451,1,Brockman_Iron_Formation
547287.16882913,7518693.165791535,662.0971019276651,219.26421060150687,16.477576270681567,1,Brockman_Iron_Formation
541302.175639445,7490693.151349145,638.227263104322,139.05005527036042,20.678484266843682,1,Wittenoom_Formation
542524.347217218,7491087.760196681,609.7529958591024,178.87407593572027,17.602179046408068,1,Wittenoom_Formation
543123.31095177,7491847.90650611,617.1092080077784,103.8189971946419,15.335187102868275,1,Wittenoom_Formation
544238.128957815,7492249.41017384,604.5599537953822,143.77798272882643,10.11699025707155,1,Wittenoom_Formation
546356.50004214,7493058.92059762,594.390038756185,177.74917889955202,12.575238054784194,1,Wittenoom_Formation
548354.744484535,7492678.941418905,568.060965517824,179.35632723902654,41.96829152535687,1,Wittenoom_Formation
550574.23391728,7493344.715451689,630.379022795445,160.14809218451865,51.03473251692506,1,Wittenoom_Formation
552377.503348235,7493430.2298054155,632.0887877538114,184.55203900434367,42.64112874575136,1,Wittenoom_Formation
553735.194837735,7493419.74543171,611.048348887277,165.1565517978123,37.2989085177635,1,Wittenoom_Formation
555624.80435913,7493597.261058785,611.374452448858,169.3784158344739,38.08197377375961,1,Wittenoom_Formation
557444.45464218,7494443.52454254,656.1235115741802,157.10947631342253,38.784528763347176,1,Wittenoom_Formation
559547.091475565,7495288.0405190345,645.7454558906195,158.83346844966206,31.722100471296066,1,Wittenoom_Formation
561723.1039705278,7495587.2857555635,603.9440298208835,155.85347006772668,21.795166070620382,1,Wittenoom_Formation
559504.16501603,7498283.005086079,594.6237407426826,341.59295534314515,8.80881708575339,1,Jeerinah_Formation
557562.394608815,7497835.510008695,604.4621014037087,339.9201343008443,21.36249766468022,1,Jeerinah_Formation
557358.2592739431,7496667.67879043,626.168174030571,189.6373973486359,27.158684124666095,1,Jeerinah_Formation
559293.9599911501,7497542.515610245,608.8603153962542,177.5880156911834,11.871604173972003,1,Jeerinah_Formation
561778.670301185,7497825.014524365,611.1360169893828,166.06612509443414,5.036906673011572,1,Jeerinah_Formation
553599.479664145,7496294.230862025,575.4299840715589,327.1761660084691,41.277958129641085,1,Jeerinah_Formation
551448.611342065,7496025.062143341,604.1840741500183,359.484233223202,44.79441279197196,1,Jeerinah_Formation
549819.3696909749,7495748.19453813,553.4849142892507,342.69364906335636,45.31966126076875,1,Jeerinah_Formation
547712.149904275,7495279.170620345,567.7200409924158,338.2863520961206,28.597971613142164,1,Jeerinah_Formation
545466.4054565751,7494441.654502654,528.4853427486461,1.8780016836715276,3.4849409271898963,1,Jeerinah_Formation
542887.76400121,7493784.140768135,524.761915389778,325.0799336819717,10.520214933941546,1,Jeerinah_Formation
542834.686006915,7493323.13980885,524.3733290927207,125.72285782497983,12.037008555485073,1,Jeerinah_Formation
543932.0389348951,7494064.90082695,565.8903343887889,154.71630207642602,7.735551131719021,1,Jeerinah_Formation
545970.73985404,7494171.4086310845,540.6063449381055,192.37112041835087,1.3842294811577176,1,Jeerinah_Formation
547926.9297397,7494307.175045985,536.3438667780697,142.39898116204063,35.498554537239386,1,Jeerinah_Formation
550147.091140955,7495122.69935107,576.2990601976953,181.9580394319338,48.49325863622514,1,Jeerinah_Formation
553398.01419902,7495388.236221145,591.9841819784531,169.26328141063846,43.586673128328634,1,Jeerinah_Formation
555124.60987064,7495968.413160895,594.1451257027059,111.83028781558045,37.176273368236124,1,Jeerinah_Formation
557147.514831315,7478196.050771,545.7816627107951,73.83301866920567,26.452939070554528,1,Jeerinah_Formation
556417.22031447,7479814.030298005,546.1645398893252,67.04986681945974,31.80125542905826,1,Jeerinah_Formation
552782.9094364201,7483379.02597077,504.1871853913133,32.91536612377644,27.32552846633287,1,Jeerinah_Formation
548439.71201388,7485168.239347249,521.0264599263513,16.973245748488807,44.01686551514163,1,Jeerinah_Formation
545653.18526342,7486268.465441835,541.8744793803091,20.686951633882813,44.768127975104214,1,Jeerinah_Formation
542228.24427185,7487521.66634451,528.8331190632133,18.72735371453348,35.694293046781944,1,Jeerinah_Formation
538964.442769715,7488554.623428785,507.79518826221516,21.617565220013148,28.352521480930108,1,Jeerinah_Formation
537161.445562285,7489866.109766245,487.85173148343193,64.63875668560189,25.754493456621518,1,Jeerinah_Formation
537444.2819397487,7490775.9932028605,517.3363221025227,112.03885023170244,26.260367050607343,1,Jeerinah_Formation
538135.625996505,7491638.444756941,499.2763635508497,147.6539220539454,27.50780589143156,1,Jeerinah_Formation
539151.7025146354,7492388.868549326,532.9649027530681,134.38006698697598,27.679552237912624,1,Jeerinah_Formation
540913.975033195,7493291.891632291,540.6709745340709,154.88303706092609,22.310808963786144,1,Jeerinah_Formation
542912.8192757249,7494375.891265845,538.805127759243,139.94352274334688,8.887587840983656,1,Jeerinah_Formation
544908.47456311,7494788.399105635,549.2103164601001,191.07863210295932,7.9332603270165265,1,Jeerinah_Formation
547404.8798663251,7495525.919192266,552.4034523176765,149.78878323406929,16.145766391303795,1,Jeerinah_Formation
549184.64584168,7496006.183496175,548.8215442671483,165.86104189456637,33.76050971377714,1,Jeerinah_Formation
551498.0432909951,7496452.24971026,561.7343086207836,171.34803879976732,41.82459877641905,1,Jeerinah_Formation
553520.2133499449,7497016.980055425,563.8758952150058,171.5851490529168,37.093368789417276,1,Jeerinah_Formation
556308.400508775,7497590.509508835,607.534626344273,141.6217003609055,25.672049220184732,1,Jeerinah_Formation
559523.01483513,7498900.25100327,594.9695428005048,163.67114030985795,6.2486535304282285,1,Jeerinah_Formation
541264.05612271,7491364.895458425,599.7779077873788,145.1663691075455,20.48056920147809,1,Marra_Mamba_Iron_Formation
542328.4601832922,7491471.132702978,580.4939020032334,171.727887122526,16.843588727752476,1,Marra_Mamba_Iron_Formation
542839.595185685,7492355.6540844,542.8807142893903,119.05435196117855,14.33702536355645,1,Marra_Mamba_Iron_Formation
544244.2440136899,7492860.410425235,550.2822023867252,147.01205964994352,8.706526119448498,1,Marra_Mamba_Iron_Formation
545833.57613281,7493411.66058786,554.6842258958387,177.71558294478552,6.060938168240412,1,Marra_Mamba_Iron_Formation
548503.890789505,7493269.93467916,551.5576165187526,167.26658214081738,43.90153719474331,1,Marra_Mamba_Iron_Formation
550332.2299999951,7493940.955663765,581.721621628202,165.31273315922795,52.565610566199155,1,Marra_Mamba_Iron_Formation
552599.5669921499,7493989.230273905,656.9854744490734,179.1074944542346,46.931497130351005,1,Marra_Mamba_Iron_Formation
555251.42890689,7493984.511211455,598.9107854954622,169.2656226217581,38.86778158088245,1,Marra_Mamba_Iron_Formation
556494.2491724767,7494680.309450023,607.8637021999901,141.92708604449507,37.84110773420785,1,Marra_Mamba_Iron_Formation
557827.5700528,7495434.275538385,631.1569417893772,133.28727480920026,34.36611899286423,1,Marra_Mamba_Iron_Formation
558361.8085088,7496106.019451685,731.8642456466497,97.68117677170846,26.806444601551952,1,Marra_Mamba_Iron_Formation
560435.96728129,7496314.530092705,663.1900817295135,193.10951780758512,20.2814596936921,1,Marra_Mamba_Iron_Formation
561410.8265885899,7496706.77545207,638.3811558793765,161.8579737200954,13.261350006892116,1,Marra_Mamba_Iron_Formation
518417.47540268,7494639.423317965,527.7386978988236,305.60525406460886,35.81279435670414,1,Jeerinah_Formation
550763.605946325,7477316.250249475,473.24234258012814,75.88717111789526,21.519923014993708,1,Boongal_Formation
548054.274588445,7480647.22629282,495.43334001230517,39.80184834199707,31.656574557848117,1,Boongal_Formation
543977.80359838,7483005.940336864,494.47813255508544,25.518614549166273,50.167776819810165,1,Boongal_Formation
539497.290974365,7484277.6330507845,561.7190140265973,14.554672447300675,59.4043546659572,1,Boongal_Formation
534609.840313155,7485577.318957524,488.67266086634214,15.417522936815828,51.06860143500037,1,Boongal_Formation
532360.0320632011,7486117.774647398,464.69823320180876,15.85658074829189,52.35798010542279,1,Boongal_Formation
529645.16392706,7487277.28020085,430.904652583415,18.380521274379532,47.760482182901725,1,Boongal_Formation
529037.12967201,7487089.76491428,423.45849572382923,9.408810569674586,44.507663127887376,1,Boongal_Formation
527311.90941034,7486794.244320584,557.80254796585,338.46906960515605,30.37425172395354,1,Boongal_Formation
523130.2100039144,7485505.657911522,457.8083157825603,318.90326590915663,19.06281205396847,1,Boongal_Formation
522033.185013125,7484054.184394485,508.5765563482709,287.3448071311027,23.996434653228945,1,Boongal_Formation
521049.18880115537,7483049.900373306,474.4143576430953,19.745386365712363,25.597998441119756,1,Boongal_Formation
519311.935776725,7480838.883612235,430.2652203632862,305.54934271864096,21.73511172919089,1,Boongal_Formation
518142.500830445,7478321.614042855,458.5914932548504,274.72799150081573,15.22403157439031,1,Boongal_Formation
518622.33880744,7475594.931123795,473.985466341684,243.09555754800908,16.68674424674741,1,Boongal_Formation
519681.76535947004,7474382.93437073,444.9254204725712,225.3290466752038,18.294482421318207,1,Boongal_Formation
552503.59925806,7475888.525684885,479.0431878871634,80.57997386981106,16.574487207479606,1,Pyradie_Formation
551376.90721344,7478450.54431534,479.287969210642,68.97660760952681,27.365983452448,1,Pyradie_Formation
550447.1451126351,7480052.755168165,503.0176409288315,41.772859868464195,31.231564246595944,1,Pyradie_Formation
547946.985710585,7481867.48010705,547.0889431938992,39.62993859811405,36.13689567439393,1,Pyradie_Formation
545358.80509842,7483214.96546406,526.4288578723695,31.182538841210203,46.14810890847427,1,Pyradie_Formation
542372.3263868301,7484402.176892174,541.9494055385703,13.384165712963295,50.71856514908842,1,Pyradie_Formation
539393.31919461,7485150.134057591,536.8649408946602,14.351888872442657,53.48104431464831,1,Pyradie_Formation
535464.6798418399,7486129.33107677,499.2313153846955,14.555605022216866,47.91981482901714,1,Pyradie_Formation
532847.99521395,7486834.05991693,435.46964480561104,14.068513007896343,49.11688325359338,1,Pyradie_Formation
531320.2261709049,7487179.784473615,419.8313071303984,11.26836804691402,51.50651712685561,1,Pyradie_Formation
528729.1067750903,7488601.993160779,436.0823696529971,46.611640059593185,38.77329607965421,1,Pyradie_Formation
525980.51038793,7488319.49021209,492.57279585487925,332.74695827234996,19.81159514804905,1,Pyradie_Formation
524069.57501866505,7487670.97439518,528.9497709276839,326.8585978824656,13.645436102547507,1,Pyradie_Formation
521758.759142125,7487177.69499729,489.89485077020043,310.3110357316946,19.694326050364793,1,Pyradie_Formation
520563.8451537505,7485244.083647086,556.4229519895322,313.6288185553562,24.7508630256593,1,Pyradie_Formation
519720.43588493497,7484490.16106112,494.7519492147743,317.3016623522437,25.43037004126826,1,Pyradie_Formation
518566.31040035,7483182.1445601,603.754874574217,296.81637852492224,25.291207433984752,1,Pyradie_Formation
516887.32922091,7479827.350793935,445.873024543788,291.36625475592956,19.425527580874274,1,Pyradie_Formation
516591.70578029496,7477178.14482023,393.64036933753073,263.5384672207548,18.287674848544484,1,Pyradie_Formation
517642.50608357496,7474161.990842421,400.12032528001777,246.4003595904952,20.32925246717967,1,Pyradie_Formation
554490.28596142,7475756.810182486,500.7010286097429,84.27793701073165,17.793880399487648,1,Bunjinah_Formation
554388.75044691,7477135.29513733,507.8908541967855,90.25700636747644,23.852198601769047,1,Bunjinah_Formation
553862.990218275,7479002.024558404,501.2801940034658,78.36960104824288,30.296919953748677,1,Bunjinah_Formation
551796.136145095,7481851.776077161,498.8652301313116,50.38832031929002,32.84707219547551,1,Bunjinah_Formation
550539.3441745751,7482718.998923675,501.07688590493586,26.483340242704912,35.68221649524357,1,Bunjinah_Formation
547214.235456385,7484232.743273875,550.0810789532459,22.364989953191696,44.21220085109026,1,Bunjinah_Formation
544521.916444195,7485087.449798221,526.1805934882034,24.641613694211003,46.02641683115041,1,Bunjinah_Formation
541072.9553524151,7485968.65500438,539.1565877803323,12.000222619294505,44.11051125211693,1,Bunjinah_Formation
537680.820477725,7486770.114894,507.01577278804075,10.291891375312332,43.58163007154561,1,Bunjinah_Formation
534464.9051948499,7487840.579698315,480.85927600839767,27.847791244336975,37.315750053775545,1,Bunjinah_Formation
531780.596322705,7489707.5551866945,506.917650707809,41.17630250047404,30.42597265138545,1,Bunjinah_Formation
528939.26406589,7491985.535384455,496.39666255816917,15.940808591172356,22.672542260557066,1,Bunjinah_Formation
529084.89519706,7489849.2768107,467.9169302819934,27.607247986444463,33.08562158526833,1,Bunjinah_Formation
526551.8863018772,7491577.879633892,469.5125312142425,316.425088331745,19.12246671940308,1,Bunjinah_Formation
524427.800684595,7490106.984783055,603.4034352763557,326.5907868999677,13.529866811331345,1,Bunjinah_Formation
522574.225083015,7489483.708578745,564.9688253960553,354.1500324715999,16.324024794557786,1,Bunjinah_Formation
520254.979796135,7488560.43391682,636.168016824451,299.42282753584306,23.161740119733352,1,Bunjinah_Formation
518603.82538683503,7486376.909246735,763.5642068777111,321.2378041407476,26.997909768890572,1,Bunjinah_Formation
517190.9159653771,7485837.452145081,801.8148876295691,328.98909249456665,27.81745369199021,1,Bunjinah_Formation
516311.19005326997,7485036.620782515,698.4546487274389,258.9546506766135,28.29630825499101,1,Bunjinah_Formation
522042.614674285,7518652.95502654,609.9609179395226,112.14135372891502,7.630918706944868,1,Jeerinah_Formation
521769.57003604004,7517416.454464635,631.4245381025613,274.20613104733616,7.907824657684827,1,Jeerinah_Formation
518923.71453592496,7517099.10292249,649.6435258686228,78.14166914589566,3.4992240431130455,1,Jeerinah_Formation
519360.82054019,7519123.361015715,667.3672713412058,290.77354638598547,4.905788856183818,1,Jeerinah_Formation
519781.470070285,7513277.475307064,594.1027712336254,291.4210343503337,2.884813269626463,1,Jeerinah_Formation
524186.789805955,7520168.8051098455,592.9270368621321,81.00447213937667,9.984128620451216,1,Jeerinah_Formation
524851.63450196,7520881.35507128,588.1320774109464,113.83195523347649,11.301915937508454,1,Jeerinah_Formation
523684.1414078556,7517143.505026177,620.6446366286584,283.345030165402,8.67810520940266,1,Jeerinah_Formation
552103.374791115,7521165.96095015,640.8649017656477,350.29568379129944,30.53420143104568,1,Jeerinah_Formation
551831.0502140799,7520069.674026075,653.3090298170798,216.64480312545072,31.085144538841426,1,Jeerinah_Formation
553599.639747675,7519550.936356241,652.6347441293343,196.97051321264905,29.08179089793753,1,Jeerinah_Formation
554044.813273075,7519183.1846752,652.9509912271665,246.3476477174754,27.694902120930948,1,Jeerinah_Formation
554254.2013216449,7516804.135397115,653.5853068468765,236.0495314896374,20.93487743861293,1,Jeerinah_Formation
554283.90544675,7515702.8840748705,633.3926326665371,294.76332988876464,17.63896182996561,1,Jeerinah_Formation
552882.1187146651,7514472.625143475,629.769252326045,334.44943253555823,15.354831711659557,1,Jeerinah_Formation
549574.4399365,7513643.87487818,608.8260696776871,340.72839978738926,7.414616974076651,1,Jeerinah_Formation
547706.89397234,7512110.885722229,606.9464242898841,254.3551022865779,6.443498263182704,1,Jeerinah_Formation
547334.8150417949,7511428.63489636,610.397103177693,285.3949940739067,9.104577921192472,1,Jeerinah_Formation
547196.86720726,7509847.39038322,583.5162155056678,319.2612021027772,9.655432139392303,1,Jeerinah_Formation
546776.6107238049,7508408.3966918,577.417518779084,278.4058400334052,7.394608501195293,1,Jeerinah_Formation
546222.635345025,7506937.892936135,566.3211780346866,322.71253059454455,3.2844093532052483,1,Jeerinah_Formation
545122.87134142,7505034.410607435,546.8920188107365,303.327235053726,9.965223730059392,1,Jeerinah_Formation
543555.256042425,7503041.40492044,536.8960628122811,313.91655305286497,21.13900656004003,1,Jeerinah_Formation
540651.6345203449,7500931.140097884,546.4713277119278,337.2175917654092,19.164872570064475,1,Jeerinah_Formation
538629.75433365,7499701.13002922,513.4120932960604,319.8004399657851,9.302652156805124,1,Jeerinah_Formation
536582.47959845,7499129.865453266,508.4844954153909,347.5868071739359,0.8112292878358716,1,Jeerinah_Formation
534074.2086106839,7499028.317216309,509.11668398709037,6.162229663300707,13.88153429891645,1,Jeerinah_Formation
531408.960051105,7499404.585909786,521.673696401671,359.9975442527647,27.52239334964758,1,Jeerinah_Formation
530142.0153361501,7499647.07046245,516.2079879647303,359.9997175086874,31.991458593024916,1,Jeerinah_Formation
528450.13406347,7499343.80142681,506.144469765865,358.141931654507,31.533126942112453,1,Jeerinah_Formation
525399.8681901663,7499027.295671806,511.4460841896927,350.542748390738,36.10803624626021,1,Jeerinah_Formation
520886.62435595,7497655.700212944,497.4441916426465,349.0507470864348,31.708811518032213,1,Jeerinah_Formation
523295.8579474225,7498490.361545375,497.197794115959,145.46125785021746,9.12859115845103,1,Jeerinah_Formation
547916.99497928,7511488.883183725,594.0213280610858,135.3631655012269,7.6493131901626015,1,Jeerinah_Formation
548609.411071375,7511994.38073643,626.2230467888036,148.31057224038506,6.653259509411086,1,Jeerinah_Formation
549972.7790771651,7513167.628327355,605.1334560356242,156.3263244823487,8.30756932297568,1,Jeerinah_Formation
552711.105159675,7513957.877560635,630.9707017102485,154.0238735933532,13.538280868495278,1,Jeerinah_Formation
554676.8506855599,7515423.64054564,635.1959096906481,126.35242978697079,15.967846316784417,1,Jeerinah_Formation
554875.889715155,7517147.630654655,647.0520456447957,85.07763048797858,21.592020818789607,1,Jeerinah_Formation
554897.09039795,7519411.954662025,646.6861369149506,60.225586554686345,25.839202788454145,1,Jeerinah_Formation
553131.37012042,7520537.21316653,648.3061747778497,98.11834015575039,30.035190402376998,1,Jeerinah_Formation
554662.723926355,7521193.515609451,635.1801002140697,155.52110179322483,28.059657325584936,1,Jeerinah_Formation
556963.316139535,7520927.56066255,628.308600909945,356.99936051059086,24.265545576952206,1,Jeerinah_Formation
555683.31389367,7520623.26413824,636.0417351307152,320.1992156062029,26.4389039247174,1,Jeerinah_Formation
555387.7999811401,7519979.234322995,642.7728007866519,263.906937493456,26.090731771338547,1,Jeerinah_Formation
555785.245036455,7519285.71349123,646.688418686486,244.9269497591049,24.11276470173972,1,Jeerinah_Formation
555769.67433455,7518348.1697018,643.9995629965392,293.36455129816056,22.35744848408318,1,Jeerinah_Formation
555290.009846865,7516636.38944213,635.0837358906256,281.0504175042955,19.440310577923597,1,Jeerinah_Formation
554873.6769496349,7514690.88029036,601.3138289657107,318.1480451883856,14.002681997483592,1,Jeerinah_Formation
551721.140040415,7513078.625378896,597.1461607515362,347.3323210905687,10.493060556396898,1,Jeerinah_Formation
549638.655827145,7512446.874801384,615.2124030919429,319.3584400824956,7.34494714298377,1,Jeerinah_Formation
548353.033844215,7510917.134140531,599.4649855268084,306.40418066972927,8.614450418535,1,Jeerinah_Formation
561418.26460908,7475065.09477617,676.738419570909,46.86695826691391,8.347495291463545,1,Wittenoom_Formation
560651.2640025,7476890.090077724,700.0388803273968,104.03553457210467,14.750112527201281,1,Wittenoom_Formation
559791.650915095,7479297.06941952,626.7457754007056,49.08653847479121,22.954102139743682,1,Wittenoom_Formation
517080.760081875,7513040.6898105405,559.1525014836784,161.47640423449798,21.264513296472558,1,Jeerinah_Formation
517196.06470953,7512549.93910904,553.7236345116793,353.13924014417154,21.72167782511916,1,Jeerinah_Formation
516761.37906923855,7498020.796989593,582.8475808099012,304.87994129018904,45.152274482658456,1,Marra_Mamba_Iron_Formation
