X,Y,Z,angle,lsx,lsy,formation,group
538787.93391317,7511414.190376366,648.174704211748,118.82078771913541,-0.8761318353254226,0.4820715788441657,Weeli_Wolli_Formation,Hamersley_Group
540176.3702598349,7509536.418059699,648.9392874316599,140.67337433051785,-0.6337404121023255,0.7735457905440211,Weeli_Wolli_Formation,Hamersley_Group
540136.6306451501,7507380.908688376,641.9010858429072,36.04354988472525,0.5884000072601714,0.8085699916867001,Weeli_Wolli_Formation,Hamersley_Group
536619.020546295,7505701.410906535,619.2492329227674,84.94791178147065,0.9961150521968459,0.08806135807989154,Weeli_Wolli_Formation,Hamersley_Group
533418.7666028601,7504511.129494435,604.1128718780575,43.002008008368556,0.6820239909269032,0.7313297996117343,Weeli_Wolli_Formation,Hamersley_Group
530567.311552138,7503401.93587108,586.041489622721,72.66473193543074,0.9545775713635327,0.2979625148398695,Weeli_Wolli_Formation,Hamersley_Group
527496.4746117699,7502647.560212821,550.1931990985662,81.25676294075134,0.9883794595552071,0.15200672330313747,Weeli_Wolli_Formation,Hamersley_Group
523870.945712385,7502170.26538658,562.5839043746583,79.39186164124635,0.9829092105714613,0.1840909660298048,Weeli_Wolli_Formation,Hamersley_Group
519985.0720591949,7501672.912742423,536.1161963844258,83.61610040535004,0.9937992032609978,0.1111896739711298,Weeli_Wolli_Formation,Hamersley_Group
517718.81477603,7501047.941254555,519.6543425274594,77.4602191317983,0.9761454962471767,0.21711741099311463,Weeli_Wolli_Formation,Hamersley_Group
515915.388899805,7507821.880215287,636.7579660013549,80.8932500540958,-0.9873951674898341,-0.1582743921729675,Weeli_Wolli_Formation,Hamersley_Group
518983.319499755,7508600.48432351,665.9332643579593,78.95085537756296,-0.9814631587276647,-0.19165090153796463,Weeli_Wolli_Formation,Hamersley_Group
522165.14586458495,7509041.525225464,571.8620977399696,74.7184147815496,-0.9646421770590518,-0.2635630289679737,Weeli_Wolli_Formation,Hamersley_Group
524798.5644314501,7509492.065014159,591.1618250501102,89.24496135208122,-0.9999131725954582,-0.013177528982529167,Weeli_Wolli_Formation,Hamersley_Group
529055.035170825,7510594.404529645,598.1337981307406,66.59099980033723,-0.9176922291326409,-0.39729204949201335,Weeli_Wolli_Formation,Hamersley_Group
532673.18441653,7511808.991150855,640.9289667210606,64.43635715269322,-0.9021065257076714,-0.431513402197005,Weeli_Wolli_Formation,Hamersley_Group
534820.8249658099,7512406.219417799,658.2144499578023,93.18594349626026,-0.9984544289514286,0.0555765535750186,Weeli_Wolli_Formation,Hamersley_Group
538252.34643369,7511670.60894086,662.685502522893,112.24730322172904,-0.9255583250967453,0.37860505390724475,Weeli_Wolli_Formation,Hamersley_Group
518314.10025259,7510387.21490998,589.8993593055,76.77696592368463,-0.973487022475948,-0.22874225029695155,Wittenoom_Formation,Hamersley_Group
522309.026056465,7511359.02917601,586.3608332069263,72.64167775281733,-0.9544576025002619,-0.29834658541610976,Wittenoom_Formation,Hamersley_Group
523755.8459489,7512212.05589521,600.6966850523852,48.01626823353689,-0.7433347846084837,-0.6689195751292223,Wittenoom_Formation,Hamersley_Group
526520.1154471,7515958.585676265,636.5378229217756,7.595487057748642,-0.13217831605983543,-0.9912259544440845,Wittenoom_Formation,Hamersley_Group
527168.035092775,7518992.88447202,621.5894103092205,0.003373400229008894,-5.887694094985462e-05,-0.9999999982667529,Wittenoom_Formation,Hamersley_Group
526412.261705105,7520115.641022271,634.246212372665,15.965657619903538,-0.2750611379916681,-0.9614267368690806,Wittenoom_Formation,Hamersley_Group
529197.99461344,7520709.720615881,641.0170010840133,102.54629838209149,-0.976120792375468,0.21722844816526343,Wittenoom_Formation,Hamersley_Group
532634.5191747337,7520028.282510026,604.8667158328491,94.47599219793186,-0.9969501217689998,0.078041365344133,Wittenoom_Formation,Hamersley_Group
534338.0607227751,7520733.00405802,636.938688429949,29.727169328978306,-0.4958705127787483,-0.8683964731368624,Wittenoom_Formation,Hamersley_Group
549386.979920835,7520323.1789416,664.2055085412718,112.2456199845483,-0.9255694473683045,0.3785778626627969,Wittenoom_Formation,Hamersley_Group
551132.528754255,7518167.384741275,668.0232356599107,140.20475978273956,-0.6400458729826267,0.7683366973390685,Wittenoom_Formation,Hamersley_Group
552137.580130485,7517003.61910557,641.225312885979,26.51301113581992,0.4464010297052676,0.8948330127337037,Wittenoom_Formation,Hamersley_Group
551780.478009565,7515456.36944638,637.0947276756849,40.93624890906099,0.6552188830337317,0.7554390877602436,Wittenoom_Formation,Hamersley_Group
548897.613677515,7514319.135195435,635.7527960472172,77.05689911742682,0.9745929779906228,0.2239833191364246,Wittenoom_Formation,Hamersley_Group
546966.843348305,7512983.390460685,637.825269598269,36.85668856779353,0.5998155505342558,0.8001383038808275,Wittenoom_Formation,Hamersley_Group
546318.865985385,7512018.13350736,642.4945300374538,8.750621994330036,0.15213411568425572,0.9883598589810138,Wittenoom_Formation,Hamersley_Group
545498.939821435,7510616.14618635,653.5872103842215,47.108005728477686,0.7326380062588067,0.6806185067900525,Wittenoom_Formation,Hamersley_Group
544388.08989391,7508248.899835629,638.1108478508189,19.659101322619282,0.3364231353149178,0.941710929120439,Wittenoom_Formation,Hamersley_Group
541663.86921207,7504453.40099267,595.1569916087406,55.84147553008513,0.8274872410183591,0.5614845197793293,Wittenoom_Formation,Hamersley_Group
537696.580005585,7503038.644540605,596.2344837610162,108.468672991861,0.9484970027640711,-0.3167861040948193,Wittenoom_Formation,Hamersley_Group
536651.8741216101,7501808.884078665,571.2490587889727,14.746564626327528,0.2545439650450517,0.9670612027473461,Wittenoom_Formation,Hamersley_Group
534231.799758695,7501134.369183125,564.1157030852293,82.2440043110936,0.990851780551845,0.1349546182138213,Wittenoom_Formation,Hamersley_Group
530103.16582268,7501135.069330821,552.9324544253816,90.00000903738186,0.9999999999999877,-1.5773206920549912e-07,Wittenoom_Formation,Hamersley_Group
530402.2047668749,7521236.235398585,577.1967593706893,92.10980441405337,-0.9993221087015913,0.03681471255089396,Marra_Mamba_Iron_Formation,Hamersley_Group
532161.85355097,7520828.990685156,613.9571420674223,89.11936120372282,-0.9998818831603884,-0.015369441357297998,Marra_Mamba_Iron_Formation,Hamersley_Group
548831.18947511,7521110.694545185,652.049947170234,122.82728638292173,-0.8403085265706786,0.5421084579423338,Marra_Mamba_Iron_Formation,Hamersley_Group
550833.86942663,7520332.92575877,668.896575196894,117.28324431342573,-0.8887513230015175,0.45838966596450703,Marra_Mamba_Iron_Formation,Hamersley_Group
552243.0505179199,7519131.661241811,702.1578996766245,133.91659095869664,-0.7203502952875184,0.6936104469218909,Marra_Mamba_Iron_Formation,Hamersley_Group
553506.37492226,7516896.1254527755,651.785047764289,3.5761431603041056,0.06237495532803825,0.9980527866540052,Marra_Mamba_Iron_Formation,Hamersley_Group
552665.118585225,7515631.876654585,675.0848237791747,22.810589285523704,0.3876859566425777,0.921791516028505,Marra_Mamba_Iron_Formation,Hamersley_Group
551085.6336944799,7514482.115038515,659.6492443257046,77.69862102770804,0.9770404470207166,0.21305390136197533,Marra_Mamba_Iron_Formation,Hamersley_Group
549041.035260135,7513812.380497025,634.8589231592707,71.23943942485137,0.9468708667145932,0.32161399498024784,Marra_Mamba_Iron_Formation,Hamersley_Group
547488.09007165,7512891.640436515,637.0754490982339,28.63272553478344,0.47919325590185324,0.8777094185994481,Marra_Mamba_Iron_Formation,Hamersley_Group
546915.9039405249,7511745.000902525,681.1322495214241,25.633466636137655,0.43261243813862693,0.9015799899996411,Marra_Mamba_Iron_Formation,Hamersley_Group
546635.290916825,7510767.13469111,656.6838123017826,36.39482050812252,0.5933461224343117,0.8049474386518456,Marra_Mamba_Iron_Formation,Hamersley_Group
545312.050876535,7509345.395137595,704.1218731714403,22.95456127381161,0.3900009943669481,0.9208144353738117,Marra_Mamba_Iron_Formation,Hamersley_Group
544579.6767696401,7507799.651197765,649.7672366129534,25.94398314152857,0.43749220569924435,0.8992222027688207,Marra_Mamba_Iron_Formation,Hamersley_Group
543576.64946143,7506178.900727445,624.9084472549634,22.936770851650035,0.38971506136128703,0.9209354868546267,Marra_Mamba_Iron_Formation,Hamersley_Group
541741.404247645,7504078.900228441,609.2150830776167,59.33539045609251,0.8601674596883767,0.5100117070158732,Marra_Mamba_Iron_Formation,Hamersley_Group
539709.6700366649,7502769.40030633,585.7739892068696,60.86817282248646,0.8735019342670427,0.4868206762574234,Marra_Mamba_Iron_Formation,Hamersley_Group
537484.2345968201,7502186.14398269,602.1348186233349,52.1155268371207,0.7892505237260491,0.6140713401536966,Marra_Mamba_Iron_Formation,Hamersley_Group
537151.78487281,7501157.135138335,557.0818286113081,38.752388047429775,0.6259559766721892,0.7798583943693661,Marra_Mamba_Iron_Formation,Hamersley_Group
534794.12882174,7500848.364012441,566.0144484987155,95.37851106361967,0.9955971901584344,-0.09373491851295468,Marra_Mamba_Iron_Formation,Hamersley_Group
533398.540996195,7500516.824355229,546.9993725312216,73.89657318637673,0.9607625664770078,0.27737211622027425,Marra_Mamba_Iron_Formation,Hamersley_Group
531362.5394642651,7500720.83522844,568.6961481068545,82.61886778359626,0.9917135216400631,0.1284690273811711,Marra_Mamba_Iron_Formation,Hamersley_Group
529030.778694384,7500199.741071343,561.1579267326514,67.19443332194194,0.9218254974398375,0.38760514995262374,Marra_Mamba_Iron_Formation,Hamersley_Group
526129.528731525,7500220.775477345,540.1533788683644,90.971682578695,0.9998561985837741,-0.016958247362407485,Marra_Mamba_Iron_Formation,Hamersley_Group
561584.9696758951,7485756.348694,591.9817652406947,86.90515128829234,0.9985415283511615,0.053989037388404076,Turee_Creek_Group,Turee_Creek_Group
557948.815969765,7486023.555800585,568.5581571686216,100.80396132878818,0.9822742931685402,-0.18744922773979308,Turee_Creek_Group,Turee_Creek_Group
554151.1248477,7487382.770249315,533.3759767413358,112.9681400056533,0.9207219817840425,-0.3902192105210419,Turee_Creek_Group,Turee_Creek_Group
551863.77511648,7488467.994910405,542.9170253645729,105.81634682592181,0.9621402711979679,-0.2725547624590345,Turee_Creek_Group,Turee_Creek_Group
550345.89624988,7489109.229998454,561.5397715433228,130.4409536359483,0.76107485262657,-0.6486640645969567,Turee_Creek_Group,Turee_Creek_Group
550223.540552175,7489387.725195815,572.7128405948404,179.22901135715406,0.013455884224484217,-0.9999094654916201,Turee_Creek_Group,Turee_Creek_Group
550380.8143687551,7489661.7253823355,559.2125184051177,57.596162913015974,-0.8442920393945273,-0.5358833382509945,Turee_Creek_Group,Turee_Creek_Group
552027.38462917,7490135.90780491,550.3993280496775,76.42602970181356,-0.9720677262748667,-0.2347005230816725,Turee_Creek_Group,Turee_Creek_Group
554104.1210828801,7490294.75959445,553.0117980092651,94.65282786515775,-0.9967045097483659,0.08111794035396462,Turee_Creek_Group,Turee_Creek_Group
554905.350119235,7490203.27156397,553.1744713037693,124.06276960858469,-0.8284244590254235,0.5601008085054284,Turee_Creek_Group,Turee_Creek_Group
555066.5746799051,7489824.77020064,550.2255951721528,6.102388875107355,0.10630552890763768,0.9943335127228023,Turee_Creek_Group,Turee_Creek_Group
555216.2364952699,7489604.529092714,549.7819531890048,82.92855249844204,-0.9923934096213339,-0.1231069475705701,Turee_Creek_Group,Turee_Creek_Group
555859.7099283,7490017.024589185,554.6886111784734,64.38282297591728,-0.9017029484623444,-0.43235609482730164,Turee_Creek_Group,Turee_Creek_Group
557703.62072793,7490126.3003582,566.2838979348157,93.5802729934588,-0.9980482881253493,0.06244689399849884,Turee_Creek_Group,Turee_Creek_Group
560347.95111074,7490329.32385215,621.7098357275843,75.84666716916655,-0.9696448301307824,-0.24451769547549326,Turee_Creek_Group,Turee_Creek_Group
562060.104108365,7490344.335614355,568.7229524472616,96.79099158857726,-0.9929841120677138,0.1182478464120764,Turee_Creek_Group,Turee_Creek_Group
562344.57936282,7490951.34059388,576.2407854614447,84.2544876214847,-0.9949763623057738,-0.10011013161897907,Boolgeeda_Iron_Formation,Hamersley_Group
560463.579465495,7485079.083282695,623.6147636079759,85.06626993083574,0.9962948385349282,0.08600345753899442,Boolgeeda_Iron_Formation,Hamersley_Group
559119.699761265,7485207.069412515,591.2557455801367,106.13489160162571,0.9606100987884899,-0.27789969072593035,Boolgeeda_Iron_Formation,Hamersley_Group
556713.75592295,7485846.04057605,555.0512704942781,105.39784221480448,0.9641054045149494,-0.265519809025741,Boolgeeda_Iron_Formation,Hamersley_Group
552610.404367395,7487427.76068372,533.0703655320851,117.90804012667104,0.8836999583489735,-0.46805382555217145,Boolgeeda_Iron_Formation,Hamersley_Group
550786.85881388,7488453.12795862,563.1599843921225,118.185126324988,0.8814260939955567,-0.47232196733132775,Boolgeeda_Iron_Formation,Hamersley_Group
549490.845937755,7489510.47029242,580.7578513088188,20.5269032192939,-0.3506471568349489,-0.9365076462066749,Boolgeeda_Iron_Formation,Hamersley_Group
550775.76079151,7490271.89894948,563.4939238049951,83.57564549141883,-0.9937204476907903,-0.11189133943793682,Boolgeeda_Iron_Formation,Hamersley_Group
552869.619635975,7490672.75180947,564.7366728739003,68.19974563428461,-0.9284841781771135,-0.37137195757726543,Boolgeeda_Iron_Formation,Hamersley_Group
554796.6809992499,7490651.76125026,558.9851600522397,96.39277678906895,-0.9937819640194152,0.11134364817857312,Boolgeeda_Iron_Formation,Hamersley_Group
557378.0149577849,7490520.044490605,565.2037260474742,91.93809782676476,-0.9994279490411568,0.03381973795562165,Boolgeeda_Iron_Formation,Hamersley_Group
560228.17018092,7490902.319475874,588.0556221132326,69.86856755222972,-0.9389055791812378,-0.3441748296757685,Boolgeeda_Iron_Formation,Hamersley_Group
561273.0752669349,7491112.32556575,574.4378136721317,94.43843802341937,-0.9970010593611841,0.07738790365862376,Boolgeeda_Iron_Formation,Hamersley_Group
562568.80057333,7474417.091282345,631.1179684133862,139.45944241803784,0.649986149083607,-0.7599460546640552,Mount_McRae_Shale_and_Mount_Sylvia_Formation,Hamersley_Group
561934.035979275,7476665.3366569355,684.123909438766,171.24931047052175,0.1521352806744885,-0.9883596796582177,Mount_McRae_Shale_and_Mount_Sylvia_Formation,Hamersley_Group
561061.19998684,7478939.82860736,657.2751649995996,148.40840938007395,0.5238608911974378,-0.8518038310983499,Mount_McRae_Shale_and_Mount_Sylvia_Formation,Hamersley_Group
562092.236037625,7482928.10958807,630.3444697654305,96.23273524998908,0.994089097592406,-0.10856733416601752,Weeli_Wolli_Formation,Hamersley_Group
559233.6345087499,7483482.575397195,612.1781110534846,105.92709539228171,0.9616116456554837,-0.27441399916868703,Weeli_Wolli_Formation,Hamersley_Group
555718.903841545,7484673.534226401,574.2934644707722,118.19671264244508,0.8813305633151881,-0.4725001991179826,Weeli_Wolli_Formation,Hamersley_Group
553529.30177137,7485589.264317505,534.9234284159234,120.82372117408127,0.8587478311283427,-0.5123984411884637,Weeli_Wolli_Formation,Hamersley_Group
551584.034485705,7486414.50476229,540.1326343859299,108.139426827934,0.9503017214624437,-0.3113304324757151,Weeli_Wolli_Formation,Hamersley_Group
550230.519956985,7487293.7359507345,567.4536049022427,101.75300768822657,0.9790347811528497,-0.2036931449337252,Weeli_Wolli_Formation,Hamersley_Group
548614.666485775,7487843.47036708,575.265186606986,107.8066290559819,0.952094017773301,-0.3058054631956291,Weeli_Wolli_Formation,Hamersley_Group
546254.139230385,7489530.93947456,639.650951808464,175.00386620166753,0.08708852137460946,-0.9962005769145008,Weeli_Wolli_Formation,Hamersley_Group
547284.584639705,7490780.94887462,611.0940901710001,70.03918069838947,-0.9399262854387976,-0.3413774713440003,Weeli_Wolli_Formation,Hamersley_Group
551128.26324862,7491466.82595788,585.2439613963361,74.89994041800546,-0.9654723599795488,-0.26050551263940763,Weeli_Wolli_Formation,Hamersley_Group
555095.42788593,7491675.78107784,580.7070089408691,88.03131937630239,-0.9994097546895649,-0.03435319826950332,Weeli_Wolli_Formation,Hamersley_Group
560539.6013474499,7492559.55953338,617.4968649617548,81.11025156228798,-0.9879875312813389,-0.15453361457173478,Weeli_Wolli_Formation,Hamersley_Group
541605.4437436049,7489811.405003805,626.1428362897763,162.4732434773918,0.30115114242101987,-0.9535764203347914,Mount_McRae_Shale_and_Mount_Sylvia_Formation,Hamersley_Group
542031.830849675,7490607.904445505,596.34586315516,53.166605409406046,-0.8003820967170366,-0.5994901994652124,Mount_McRae_Shale_and_Mount_Sylvia_Formation,Hamersley_Group
542985.524318275,7491012.14998165,637.1447197692967,68.14828234831919,-0.9281502359878187,-0.3722057756614701,Mount_McRae_Shale_and_Mount_Sylvia_Formation,Hamersley_Group
544349.0240014708,7491766.759094946,614.6250016189751,63.31544456995549,-0.8934924736683648,-0.44907816635635545,Mount_McRae_Shale_and_Mount_Sylvia_Formation,Hamersley_Group
545891.545460255,7492436.914909041,605.0833658166562,70.29925457191221,-0.9414661590642346,-0.3371075070905977,Mount_McRae_Shale_and_Mount_Sylvia_Formation,Hamersley_Group
547590.21884899,7492596.189491395,583.9992597047249,96.32824945405015,-0.9939067305827238,0.11022436619169444,Mount_McRae_Shale_and_Mount_Sylvia_Formation,Hamersley_Group
549106.260281095,7492613.7243061,586.5798748057812,77.21970797494488,-0.9752255024434345,-0.2212130633212031,Mount_McRae_Shale_and_Mount_Sylvia_Formation,Hamersley_Group
550602.940566155,7493101.45710035,604.4192827505359,73.49733519280431,-0.9588065243741895,-0.2840599387761092,Mount_McRae_Shale_and_Mount_Sylvia_Formation,Hamersley_Group
552589.9939388649,7493121.491306695,639.5628904374896,96.6533175066878,-0.9932653788996649,0.11586149955574221,Mount_McRae_Shale_and_Mount_Sylvia_Formation,Hamersley_Group
554160.7796177401,7493132.748972191,617.972645684955,92.67285404132106,-0.9989120812426768,0.04663318504481379,Mount_McRae_Shale_and_Mount_Sylvia_Formation,Hamersley_Group
557055.55382719,7493604.024550101,619.6618069515878,67.56652472111301,-0.9243232339982786,-0.3816104808452768,Mount_McRae_Shale_and_Mount_Sylvia_Formation,Hamersley_Group
559849.355504895,7494400.79887525,612.5747850973576,90.00004215440998,-0.9999999999997293,7.357332484357319e-07,Mount_McRae_Shale_and_Mount_Sylvia_Formation,Hamersley_Group
562607.4946710265,7477019.068347377,766.5142140903017,159.3800317198497,0.35216785523112126,-0.9359368577750916,Brockman_Iron_Formation,Hamersley_Group
562139.1952551249,7478767.33980107,742.5208550803604,158.00704715769163,0.37449255058028347,-0.9272299227051906,Brockman_Iron_Formation,Hamersley_Group
561178.2950388349,7479975.3363421,764.2431883395801,114.85351037412396,0.9073853428834227,-0.4202997020226562,Brockman_Iron_Formation,Hamersley_Group
559711.42507544,7481090.820405206,716.6538185659402,126.65486080846783,0.8022462209089394,-0.5969933006636883,Brockman_Iron_Formation,Hamersley_Group
558386.88447243,7482052.8101284355,700.1530588644532,123.69827622714632,0.8319708145325618,-0.5548193974312952,Brockman_Iron_Formation,Hamersley_Group
554783.0886732349,7484462.284703805,619.8465340553906,120.94889571046807,0.8576263417692478,-0.5142733299554795,Brockman_Iron_Formation,Hamersley_Group
542476.6092626303,7488941.2334217895,644.4703964795395,139.23256295915704,0.6529902748413083,-0.7573662924653252,Brockman_Iron_Formation,Hamersley_Group
542250.9797124551,7489615.661070095,722.0829453120988,177.78701626743518,0.038614249952710664,-0.9992541917353108,Brockman_Iron_Formation,Hamersley_Group
542775.9671511091,7490605.762388065,618.5291867472587,64.37018493295437,-0.9016075593827927,-0.4325549778511444,Brockman_Iron_Formation,Hamersley_Group
544186.9984070649,7491533.66075547,633.3864263401974,26.848865686221785,-0.4516386337095799,-0.8922009552454783,Brockman_Iron_Formation,Hamersley_Group
545170.33605265,7491851.659897595,638.3251846861864,60.917481464697886,-0.8739205677212587,-0.48606876191929155,Brockman_Iron_Formation,Hamersley_Group
547566.583725645,7492372.939814605,595.570804972621,98.12512227385464,-0.9899617820960115,0.14133531048286832,Brockman_Iron_Formation,Hamersley_Group
549947.99431685,7492610.959853396,600.3419434494098,63.44599056719605,-0.8945133590656903,-0.4470412178457547,Brockman_Iron_Formation,Hamersley_Group
552344.295352425,7492789.7400467545,672.0286805498774,105.41345324758076,-0.9640330241614715,0.265782483106182,Brockman_Iron_Formation,Hamersley_Group
556318.24076914,7493027.764724266,622.5074542597714,75.96959311210212,-0.9701672016188414,-0.24243679774957064,Brockman_Iron_Formation,Hamersley_Group
558729.40042868,7493712.536538836,634.2145626408983,71.57328687654355,-0.948728742851703,-0.3160913989450317,Brockman_Iron_Formation,Hamersley_Group
561731.869769855,7494022.5605349,710.1934620382923,96.63138017629717,-0.993309666988078,0.11548119097079788,Brockman_Iron_Formation,Hamersley_Group
560481.310866785,7475177.0963696055,634.7086510846967,158.1869305704299,0.3715796177540703,-0.9284010920231295,Marra_Mamba_Iron_Formation,Hamersley_Group
559856.84459489,7476914.83302106,699.5466912281614,3.689315028546673,-0.06434620791158867,-0.9979276354162153,Marra_Mamba_Iron_Formation,Hamersley_Group
559705.78181074,7478573.56983927,618.6489589893149,150.54834859436517,0.4916889420399544,-0.8707709137744728,Marra_Mamba_Iron_Formation,Hamersley_Group
557583.95551672,7481038.795435701,574.9531917105269,136.5427721379071,0.6878128813560067,-0.7258880356093134,Marra_Mamba_Iron_Formation,Hamersley_Group
551457.8946824099,7485036.15730261,522.4518374780029,114.30734510850172,0.9113505145170605,-0.4116311937760414,Marra_Mamba_Iron_Formation,Hamersley_Group
545580.91460071,7487115.45538028,616.6456335196651,108.80795071567435,0.9466045314263858,-0.32239705501606614,Marra_Mamba_Iron_Formation,Hamersley_Group
527709.6008810325,7500944.653813737,543.2799655470095,61.92410814402568,0.8823249739399045,0.47064067011037924,Mount_McRae_Shale_and_Mount_Sylvia_Formation,Hamersley_Group
521458.6403813552,7500685.0913142655,608.2963371008781,77.5641351112293,0.9765376711897582,0.21534664322269728,Mount_McRae_Shale_and_Mount_Sylvia_Formation,Hamersley_Group
519145.0777654663,7499686.477494252,524.4941587901216,52.14925018820085,0.7896118192604253,0.6136066939695503,Mount_McRae_Shale_and_Mount_Sylvia_Formation,Hamersley_Group
517233.54054010776,7498279.50996512,560.1347569383042,52.70449874828768,0.7955210593817061,0.6059259394350173,Mount_McRae_Shale_and_Mount_Sylvia_Formation,Hamersley_Group
519931.834325765,7499583.206071265,517.0516673856868,63.433635571743295,0.894416940380277,0.4472340961518744,Wittenoom_Formation,Hamersley_Group
517829.94979301,7497980.185686345,539.8542199830572,47.639969626086504,0.7389255553121254,0.6737870759421458,Wittenoom_Formation,Hamersley_Group
530810.40087681,7508308.1588513795,587.0450590405046,80.90871998318545,-0.9874378657738883,-0.15800778852926367,Turee_Creek_Group,Turee_Creek_Group
533096.08567732,7508176.91915914,592.9428914455202,175.23796406341125,-0.08301755093198615,0.9965480852609447,Turee_Creek_Group,Turee_Creek_Group
530525.939944135,7506164.626228375,565.7771433977259,66.38447186988952,0.9162541945174516,0.4005973677262197,Turee_Creek_Group,Turee_Creek_Group
524138.96509864007,7504392.520432159,534.0359769416297,80.72598823881621,0.9869289152040301,0.16115618614932592,Turee_Creek_Group,Turee_Creek_Group
518728.796676455,7503477.70921311,513.7571230845554,77.91153283916664,0.9778254102356737,0.20942174456688253,Turee_Creek_Group,Turee_Creek_Group
517175.539202445,7505894.20672981,515.8920153152869,77.11861883299072,-0.9748336900670445,-0.22293334589125402,Turee_Creek_Group,Turee_Creek_Group
523045.3184077,7506886.272737345,540.2620774564343,80.04769025326245,-0.9849519482509825,-0.17282841096473006,Turee_Creek_Group,Turee_Creek_Group
515837.53465241,7502432.199079879,503.6782659816426,101.57499906991394,0.9796628963995087,-0.2006504657809836,Turee_Creek_Group,Turee_Creek_Group
525195.62039369,7507924.54934537,561.9532761998031,76.66211765931469,-0.9730265577299735,-0.2306931250647893,Boolgeeda_Iron_Formation,Hamersley_Group
530911.4760851,7509142.918847915,592.1347917516498,72.48316387037079,-0.9536285484100743,-0.3009860323292339,Boolgeeda_Iron_Formation,Hamersley_Group
534413.972086655,7510229.44100982,620.7747399972042,87.24805033864848,-0.9988467533064335,-0.04801211731632705,Boolgeeda_Iron_Formation,Hamersley_Group
536677.82857801,7509802.941024775,622.4308774375734,166.77770735488403,-0.22872965295114173,0.9734899824142261,Boolgeeda_Iron_Formation,Hamersley_Group
535439.2655422201,7508472.93436249,608.9516331476053,33.71440481478784,0.5550535726995783,0.8318146015990786,Boolgeeda_Iron_Formation,Hamersley_Group
534606.7357914599,7507417.163993729,593.612081035024,69.41478837810435,0.9361503169598853,0.35160003420919383,Boolgeeda_Iron_Formation,Hamersley_Group
532383.3803470749,7506158.12940393,575.0,51.30040562315181,0.7804348336988491,0.6252371312945589,Boolgeeda_Iron_Formation,Hamersley_Group
530140.3648564001,7505170.115017081,567.3978032965101,62.64298207709516,0.8881603673929528,0.4595336351045647,Boolgeeda_Iron_Formation,Hamersley_Group
527933.9289082449,7504414.5679616,551.1353229071606,77.29873435976614,0.9755296873955038,0.21986775345655088,Boolgeeda_Iron_Formation,Hamersley_Group
518008.02076309,7502868.699224345,516.0514534145781,77.11846575904885,0.974833094464966,0.22293595029931515,Boolgeeda_Iron_Formation,Hamersley_Group
562256.5705935301,7491496.08420432,572.6421336577487,101.27711521280135,-0.9806928441314162,0.19555445653176448,Woongarra_Rhyolite,Hamersley_Group
559764.197528865,7484728.270046771,589.6854645304877,96.99667120000932,0.9925532303946615,-0.12181167773707881,Woongarra_Rhyolite,Hamersley_Group
555989.18411714,7485586.541184435,570.7164553526179,111.05851393472805,0.9332139525652016,-0.3593211916066651,Woongarra_Rhyolite,Hamersley_Group
553826.0400736551,7486408.76914978,579.984936487389,117.43258853275897,0.8875534904003052,-0.4607046794620558,Woongarra_Rhyolite,Hamersley_Group
551779.160050605,7487525.99967855,541.0191286359104,110.55385124284314,0.9363426221427763,-0.3510875873037808,Woongarra_Rhyolite,Hamersley_Group
550045.0852298599,7488366.230335965,555.9092549645165,108.45644128510777,0.9485646097735615,-0.31658360836456917,Woongarra_Rhyolite,Hamersley_Group
548856.236471495,7489617.715816749,575.0930032180863,16.677363622506988,-0.2869820815748329,-0.9579359502884187,Woongarra_Rhyolite,Hamersley_Group
549875.2348848099,7490359.725166345,561.6868763081836,66.78374604005286,-0.9190235468150573,-0.3942026387525486,Woongarra_Rhyolite,Hamersley_Group
551716.54468986,7490690.491014095,561.2049216573308,83.09050619913835,-0.9927374218570755,-0.12030133517366691,Woongarra_Rhyolite,Hamersley_Group
554245.60516155,7491103.511077875,570.2400735242057,94.37734007124968,-0.9970830158867425,0.07632469738032292,Woongarra_Rhyolite,Hamersley_Group
557465.5241084751,7490863.28837431,573.6373643683246,90.36022925187096,-0.999980235708017,0.0062871450864932,Woongarra_Rhyolite,Hamersley_Group
560100.71048924,7491370.8094030395,584.0506632902689,73.19389454199407,-0.9572886927690256,-0.2891338075987823,Woongarra_Rhyolite,Hamersley_Group
549218.4863205377,7473537.227910159,464.67935516916657,5.571600646471751,-0.0970895911652506,-0.9952756458827696,Fortescue_Group,Fortescue_Group
549266.134598355,7475116.954200295,460.0785868126149,6.278445769676324,-0.10936038289012692,-0.9940021663226518,Fortescue_Group,Fortescue_Group
549811.1981099399,7477316.479596035,471.37218531658687,12.089183584095338,-0.2094339712254249,-0.9778227915613074,Fortescue_Group,Fortescue_Group
550459.2346334299,7475253.47261087,469.66063687715416,175.23498797336208,-0.08306931408884083,0.9965437717716213,Fortescue_Group,Fortescue_Group
544204.1647425,7475799.855043314,472.9073400848445,158.22294624936373,0.37099595871562036,-0.9286344806309303,Mount_Roe_Basalt,Fortescue_Group
543994.3251479501,7477137.640361685,462.01925986739866,20.75735346768346,-0.3544110524106575,-0.935089731485257,Mount_Roe_Basalt,Fortescue_Group
544448.735518575,7477071.639140075,453.7877343775149,146.63428035065002,-0.5499811479468562,0.8351770691913533,Mount_Roe_Basalt,Fortescue_Group
543919.629978295,7520138.948598836,642.4601261605193,102.06953217574323,-0.977894566081982,0.20909858351345248,Mount_McRae_Shale_and_Mount_Sylvia_Formation,Hamersley_Group
547309.345072825,7519110.9208171405,637.2668485950687,126.37598745748005,-0.8051424272878802,0.5930815051752842,Mount_McRae_Shale_and_Mount_Sylvia_Formation,Hamersley_Group
548728.868495605,7517409.889132449,665.1319990827786,142.1543594967179,-0.6135362784833205,0.789666534041324,Mount_McRae_Shale_and_Mount_Sylvia_Formation,Hamersley_Group
547774.339014175,7516320.645155596,801.0417527854019,72.88440357311555,0.9557129389651765,0.29430048979664464,Mount_McRae_Shale_and_Mount_Sylvia_Formation,Hamersley_Group
546636.22934777,7515133.649562425,727.2235717883049,48.044452084560476,0.7436637368695435,0.668553847094777,Mount_McRae_Shale_and_Mount_Sylvia_Formation,Hamersley_Group
544751.665567295,7514007.658955115,725.2641732715982,19.44144380083717,0.3328433069097138,0.9429821488476894,Mount_McRae_Shale_and_Mount_Sylvia_Formation,Hamersley_Group
544060.17836504,7511791.281458905,668.0954393235222,49.789152266739656,0.7636738113058607,0.6456022846347284,Mount_McRae_Shale_and_Mount_Sylvia_Formation,Hamersley_Group
543368.75536116,7510005.899909265,679.6714217325166,2.2072144532682105,0.03851363193554275,0.9992580748511035,Mount_McRae_Shale_and_Mount_Sylvia_Formation,Hamersley_Group
542609.9857684949,7507950.154719345,668.8531716759395,3.175777474273813,0.05539939637716467,0.9984642742136774,Mount_McRae_Shale_and_Mount_Sylvia_Formation,Hamersley_Group
541239.328875665,7505318.900902505,622.0762824002927,51.52656403306173,0.7828966890913285,0.6221517292508602,Mount_McRae_Shale_and_Mount_Sylvia_Formation,Hamersley_Group
537788.371824025,7503605.90056684,651.3687707983902,75.24143052080433,0.96700784839768,0.25474658218961366,Mount_McRae_Shale_and_Mount_Sylvia_Formation,Hamersley_Group
535952.715339915,7503079.389087634,630.8908013577867,19.66134641618271,0.3364600353163671,0.9416977459009388,Mount_McRae_Shale_and_Mount_Sylvia_Formation,Hamersley_Group
533150.33538687,7501647.860767545,660.9462731874399,82.86746104877305,0.9922615831225593,0.12416501382882476,Mount_McRae_Shale_and_Mount_Sylvia_Formation,Hamersley_Group
522258.85392414,7510116.025177846,591.4548494546874,74.85368303868746,-0.9652617279019969,-0.26128489555971507,Mount_McRae_Shale_and_Mount_Sylvia_Formation,Hamersley_Group
525374.572858025,7511971.72846655,600.4978687325022,57.97079861790435,-0.8477779072344046,-0.5303514118065995,Mount_McRae_Shale_and_Mount_Sylvia_Formation,Hamersley_Group
528708.356534675,7513053.419733895,643.2267990438387,76.59416702841226,-0.9727522801752281,-0.23184693531270692,Mount_McRae_Shale_and_Mount_Sylvia_Formation,Hamersley_Group
529540.575802055,7514485.18917573,634.4754714017765,175.23410179550413,0.08308472734376503,-0.9965424868424889,Mount_McRae_Shale_and_Mount_Sylvia_Formation,Hamersley_Group
529760.879025355,7516455.452582645,650.2029317293245,157.6407349029955,0.38041296653414025,-0.9248167250286379,Mount_McRae_Shale_and_Mount_Sylvia_Formation,Hamersley_Group
531107.1191998799,7518107.505600575,640.6165464907565,74.60055922893898,-0.9640979961184675,-0.2655467075306254,Mount_McRae_Shale_and_Mount_Sylvia_Formation,Hamersley_Group
535610.45414417,7518548.2430191,624.0189432605843,78.94786054040229,-0.9814531398385727,-0.1917022021287371,Mount_McRae_Shale_and_Mount_Sylvia_Formation,Hamersley_Group
538437.305130315,7519783.979779445,638.1183540902218,57.24105384561325,-0.8409545350401058,-0.5411057844779332,Mount_McRae_Shale_and_Mount_Sylvia_Formation,Hamersley_Group
540627.7697272149,7520971.220109465,625.1829028070372,82.13819242967915,-0.990600861459926,-0.13678425813978895,Mount_McRae_Shale_and_Mount_Sylvia_Formation,Hamersley_Group
543120.050208845,7481161.67501459,467.62467372862625,128.2774203889473,0.7850205574107106,-0.6194697122883226,Hardey_Formation,Fortescue_Group
540571.92047039,7482251.1494187955,478.6154867155643,117.19480229377103,0.8894578362240042,-0.45701723991520576,Hardey_Formation,Fortescue_Group
536917.57505537,7482757.818993965,449.72545268769045,104.25115772315499,0.969225935715545,-0.24617287733689525,Hardey_Formation,Fortescue_Group
533429.5244218949,7483438.794196704,434.7077471385802,108.18770548123176,0.9500390504281261,-0.31213106647949146,Hardey_Formation,Fortescue_Group
530081.890769185,7483555.51096028,415.72682321989504,66.5280740693107,0.9172553453311812,0.3982996754472385,Hardey_Formation,Fortescue_Group
528683.325137215,7482856.99608998,441.9285310378274,62.87258484147146,0.8899947314080644,0.4559708083483932,Hardey_Formation,Fortescue_Group
526028.53201337,7481725.22516611,396.1719489285025,54.65275851685971,0.8156608578800235,0.578530349180079,Hardey_Formation,Fortescue_Group
544702.949471325,7475046.109812655,453.0689374938583,90.00206514845428,-0.999999999350428,3.6043640062024866e-05,Hardey_Formation,Fortescue_Group
544781.826126185,7475580.358976355,452.74114514340187,168.65729385366214,0.19667700349515382,-0.9804683351828183,Hardey_Formation,Fortescue_Group
544501.971003795,7476905.894032855,456.6990518657008,171.91816103000372,0.1405874172944676,-0.9900682694130094,Hardey_Formation,Fortescue_Group
544893.38073768,7474313.096211855,449.2522711222684,167.0705470152918,0.22375116400233083,-0.9746463033365499,Hardey_Formation,Fortescue_Group
544705.39889934,7476898.139781805,468.04822624327466,106.30240567511532,-0.9597935067896741,0.2807070079716211,Hardey_Formation,Fortescue_Group
545334.245876965,7477407.16084828,466.05878777999015,7.1780681975376694,-0.1249534605793576,-0.9921626039562482,Hardey_Formation,Fortescue_Group
524598.0203352582,7480040.605157327,388.1307839748306,29.614682038996698,0.4941646583720299,0.8693683283948495,Hardey_Formation,Fortescue_Group
523857.13571875996,7477797.43036912,379.97725840114754,6.065447941987904,0.10566441936141645,0.9944018455740188,Hardey_Formation,Fortescue_Group
523934.713889245,7475394.39853016,389.01436576294265,166.62971021721702,-0.23124344807447372,0.9728959182372121,Hardey_Formation,Fortescue_Group
554694.763072591,7497057.623262296,572.0882710552959,43.471846626716854,-0.687998066086362,-0.7257125195705432,Fortescue_Group,Fortescue_Group
520447.05604192,7474837.164929285,372.18991259927645,157.33836536291605,0.3852882225977675,-0.922796286039044,Fortescue_Group,Fortescue_Group
519562.34622464003,7477343.150881325,393.9130523692703,174.31587641413114,0.09904402031448574,-0.9950830528352614,Fortescue_Group,Fortescue_Group
520158.22473421996,7479609.149887235,403.9448166333958,12.703126902649899,-0.21989944357598082,-0.9755225444421948,Fortescue_Group,Fortescue_Group
520808.35596029495,7481250.662016731,424.0424175227712,30.782909610468835,-0.5117866284727286,-0.8591125926888264,Fortescue_Group,Fortescue_Group
522469.52183491224,7483492.36292739,440.61668834676584,42.80936807515664,-0.6795612627678452,-0.7336187634905283,Fortescue_Group,Fortescue_Group
523822.49639166996,7484531.44842964,429.83648987930894,68.20521347395531,-0.928519614645422,-0.37128334896506876,Fortescue_Group,Fortescue_Group
524915.8246903,7485088.721981995,447.1455625931718,61.07805814517225,-0.8752793861414435,-0.4836176136120954,Fortescue_Group,Fortescue_Group
526634.90932195,7485521.744647576,432.0700411568493,81.30034175949244,-0.988494789035934,-0.15125492404812582,Fortescue_Group,Fortescue_Group
528245.6531967949,7485904.50450153,417.86368331410745,67.4289134634986,-0.9234040284764491,-0.38382938943424466,Fortescue_Group,Fortescue_Group
529179.05395031,7486001.519427225,418.74796313456795,40.61376148105108,0.6509565626707424,0.7591149804317473,Fortescue_Group,Fortescue_Group
527402.261287075,7485072.2452068,430.91521034664606,85.50830922763069,0.9969287016529044,0.07831451858151421,Fortescue_Group,Fortescue_Group
524868.41558987,7484487.715508815,427.3111973053933,72.37746368635102,0.953071662043321,0.3027447885760905,Fortescue_Group,Fortescue_Group
523331.479607025,7483585.94385743,445.99105132615523,46.30068335113968,0.7229753858242852,0.6908737883956995,Fortescue_Group,Fortescue_Group
521620.230909415,7481472.430478385,437.0966568540968,39.19322900950703,0.6319377183516058,0.7750191740367244,Fortescue_Group,Fortescue_Group
520248.539172995,7478552.140101265,404.4552053938472,12.90634465854915,0.22335805499980593,0.9747364665727366,Fortescue_Group,Fortescue_Group
520420.09441561,7476514.405066535,425.63771115255247,155.10021202694506,-0.42103245678628753,0.907045572357036,Fortescue_Group,Fortescue_Group
521666.98413532495,7474604.659231694,384.9302768580807,138.10964642583613,-0.6677072323064602,0.7444239732341018,Fortescue_Group,Fortescue_Group
535837.40817064,7475603.3695904,433.1702304690997,26.83233023005036,-0.45138112735666885,-0.8923312601641963,Rocklea_Inlier_metagranitic_unit,Rocklea_Inlier_metagranitic_unit
535551.13971556,7476241.150691255,429.1949916138561,90.23729863118467,0.9999914234112729,-0.00414163058425367,Rocklea_Inlier_metagranitic_unit,Rocklea_Inlier_metagranitic_unit
535209.30791029,7476577.404827235,428.59667592379355,2.3834549408482246,-0.0415871395267898,-0.9991348806972856,Rocklea_Inlier_metagranitic_unit,Rocklea_Inlier_metagranitic_unit
534584.580430035,7476930.665253544,418.871280670024,72.26451040885507,0.9524729773284506,0.3046230908172861,Rocklea_Inlier_metagranitic_unit,Rocklea_Inlier_metagranitic_unit
534409.5248507101,7476225.13515363,421.25753358280804,109.01220042142195,-0.9454492284871201,0.32576948345894735,Rocklea_Inlier_metagranitic_unit,Rocklea_Inlier_metagranitic_unit
534203.011157015,7475599.370465266,419.7778366968994,56.549428119441,0.8343616585999009,0.5512174005403153,Rocklea_Inlier_metagranitic_unit,Rocklea_Inlier_metagranitic_unit
533587.81416262,7474609.834448145,420.83811864368124,165.0010707719187,-0.2588009933568476,0.9659306630589531,Rocklea_Inlier_metagranitic_unit,Rocklea_Inlier_metagranitic_unit
534204.71436917,7473957.31892833,423.50198797059454,70.35719729143904,-0.9418065914493592,-0.33615523839818384,Rocklea_Inlier_metagranitic_unit,Rocklea_Inlier_metagranitic_unit
535023.7389700699,7475006.09593644,424.5887749029622,41.80631948368651,-0.6666146890648422,-0.7454024794183232,Rocklea_Inlier_metagranitic_unit,Rocklea_Inlier_metagranitic_unit
541346.03552107,7476644.094215035,450.5479034854269,166.4663478614631,0.23401643590714605,-0.9722326407425933,Rocklea_Inlier_metagranitic_unit,Rocklea_Inlier_metagranitic_unit
540608.950379455,7477209.08426248,453.0663111328865,145.98371593469207,0.5594285021117978,-0.8288786105485834,Rocklea_Inlier_metagranitic_unit,Rocklea_Inlier_metagranitic_unit
539239.329611995,7478068.568691765,446.69525032694816,139.6506170503477,0.6474468792611479,-0.762110581566088,Rocklea_Inlier_metagranitic_unit,Rocklea_Inlier_metagranitic_unit
537822.12562475,7479020.54470407,429.49697033152825,117.0437554945785,0.8906595620976779,-0.45467080887601785,Rocklea_Inlier_metagranitic_unit,Rocklea_Inlier_metagranitic_unit
536076.10991465,7479123.741288619,418.8725493943059,41.87905398008646,0.6675604076587747,0.7445556407189797,Rocklea_Inlier_metagranitic_unit,Rocklea_Inlier_metagranitic_unit
536364.570820985,7478397.47554022,426.75572332805746,74.2373219588761,-0.9623951502975212,-0.27165340911501856,Rocklea_Inlier_metagranitic_unit,Rocklea_Inlier_metagranitic_unit
538323.5338725699,7478211.039497855,432.0340751780552,98.7879803128751,-0.9882604535462141,0.15277851929060968,Rocklea_Inlier_metagranitic_unit,Rocklea_Inlier_metagranitic_unit
538354.3152711049,7477495.015927626,440.08766466862323,97.43260641618282,0.9915977056059916,-0.12935992515819236,Rocklea_Inlier_metagranitic_unit,Rocklea_Inlier_metagranitic_unit
536585.484721345,7477181.433921945,423.7787835981033,54.68019202555335,0.8159377676265389,0.5781397403401882,Rocklea_Inlier_metagranitic_unit,Rocklea_Inlier_metagranitic_unit
536577.737555745,7476204.409130715,426.0071796320178,156.8926914392658,-0.39245444441435123,0.9197714439247519,Rocklea_Inlier_metagranitic_unit,Rocklea_Inlier_metagranitic_unit
536814.12816194,7474705.10947877,444.0658975945876,121.81770881415424,-0.8497297824186264,0.5272184527032355,Rocklea_Inlier_metagranitic_unit,Rocklea_Inlier_metagranitic_unit
537654.706625495,7475342.41013691,451.1699456390812,28.48954982413983,-0.47699846489165276,-0.8789041270189866,Rocklea_Inlier_metagranitic_unit,Rocklea_Inlier_metagranitic_unit
538281.795465165,7475713.200769519,445.2002663115436,92.82589023244232,-0.9987839616351956,0.04930109512277084,Rocklea_Inlier_metagranitic_unit,Rocklea_Inlier_metagranitic_unit
539491.320117895,7476356.014415915,456.55591357335777,64.09000995089015,-0.8994816048498141,-0.4369586279464027,Rocklea_Inlier_metagranitic_unit,Rocklea_Inlier_metagranitic_unit
541291.57505188,7476383.314985755,450.10102231227245,54.47346078516965,-0.8138464513502552,-0.5810799890071906,Rocklea_Inlier_metagranitic_unit,Rocklea_Inlier_metagranitic_unit
543148.80047053,7477851.900064415,466.9978552908108,107.07464841449666,0.9559230248543422,-0.2936173880295997,Rocklea_Inlier_metagranitic_unit,Rocklea_Inlier_metagranitic_unit
541776.494658445,7478123.396014931,461.08951769742043,82.17475085805704,0.9906879370439801,0.13615216265466776,Rocklea_Inlier_metagranitic_unit,Rocklea_Inlier_metagranitic_unit
542372.750972135,7477146.363923545,460.823591061236,120.96172091297984,-0.8575112043080052,0.514465289875065,Rocklea_Inlier_metagranitic_unit,Rocklea_Inlier_metagranitic_unit
543327.8642854299,7476068.600719821,470.3739210669771,175.07564871159818,-0.08584037228349928,0.9963089031451191,Rocklea_Inlier_metagranitic_unit,Rocklea_Inlier_metagranitic_unit
543373.091428255,7474884.57559536,466.4665730808621,165.86019407646066,-0.2442887661170772,0.9697025310624884,Rocklea_Inlier_metagranitic_unit,Rocklea_Inlier_metagranitic_unit
543980.61386004,7474267.06448399,456.77399551909525,101.02845745891328,-0.981532292057749,0.1912965228326478,Rocklea_Inlier_metagranitic_unit,Rocklea_Inlier_metagranitic_unit
544592.14407108,7474473.835906265,466.16082771723325,21.469106856489162,-0.36599950435062045,-0.9306150454484927,Rocklea_Inlier_metagranitic_unit,Rocklea_Inlier_metagranitic_unit
549974.6746833499,7508863.90088414,549.0023212810415,111.8012197268352,0.9284779208994778,-0.3713876013037903,Fortescue_Group,Fortescue_Group
551208.70840225,7511190.928212754,563.6390959613665,43.15234540160671,-0.6839405644043961,-0.7295377333368002,Fortescue_Group,Fortescue_Group
552974.9937997351,7512395.63159081,573.6125823590822,61.92755244480085,-0.8823532646219426,-0.4705876288333557,Fortescue_Group,Fortescue_Group
554491.7266517901,7513289.384327345,594.718904796881,67.45147877053822,-0.9235551238046408,-0.3834656872448883,Fortescue_Group,Fortescue_Group
556249.065722325,7514397.1497248355,605.2847592311315,23.93637678160775,-0.40572195999502675,-0.9139965487778353,Fortescue_Group,Fortescue_Group
556438.425269105,7516753.889513445,639.5220882237198,10.089827476340275,-0.17519193066575856,-0.984534299773047,Fortescue_Group,Fortescue_Group
556803.525139885,7518974.46891343,629.9637431972112,169.68899769642056,0.17899114374284544,-0.9838506850440407,Fortescue_Group,Fortescue_Group
557334.8250745949,7518083.9529944,621.804334127989,179.99849321136585,-2.6298422794393406e-05,0.9999999996541965,Fortescue_Group,Fortescue_Group
556918.419539605,7516064.160365,620.0160444173483,18.028890846214853,0.30949651617836593,0.9509005765449164,Fortescue_Group,Fortescue_Group
556612.12058826,7513853.89908041,607.1943168376583,36.932719058000394,0.6008767915560718,0.7993416549694387,Fortescue_Group,Fortescue_Group
554095.52643701,7512550.135302685,567.9056630236969,60.109898476740355,0.8669828552437333,0.4983379663575952,Fortescue_Group,Fortescue_Group
551473.168953715,7510778.381886965,557.4872221052574,41.834620220652184,0.6669827926067886,0.7450731201475798,Fortescue_Group,Fortescue_Group
521958.660417785,7501143.513291925,584.7856812299356,80.97147614438893,0.9876103396215468,0.15692615165297727,Brockman_Iron_Formation,Hamersley_Group
519501.86530938,7500561.705408445,635.6687304452179,44.960383463927954,0.7066176909954114,0.7075955333185147,Brockman_Iron_Formation,Hamersley_Group
517988.05932051,7499469.191943755,546.2606346610339,70.18257395813734,0.9407777010761696,0.3390240657502607,Brockman_Iron_Formation,Hamersley_Group
547758.874759665,7517631.900831159,864.0144521241173,158.47455876105613,-0.3669143270425027,0.9302547374837428,Brockman_Iron_Formation,Hamersley_Group
548188.06996266,7516961.139601845,861.8675221876165,27.813211315237833,0.4665905954608638,0.8844734118261987,Brockman_Iron_Formation,Hamersley_Group
547225.68378776,7516514.654597205,1055.0080441498735,52.96334351026751,0.7982503195553801,0.6023258481334945,Brockman_Iron_Formation,Hamersley_Group
546243.9196485849,7515345.660445815,786.5496690803243,25.801384593282854,0.4352528560890078,0.9003082534700887,Brockman_Iron_Formation,Hamersley_Group
544887.4319565999,7514945.6582960095,877.9883181116627,58.6830804268107,0.8543053777112215,0.519771412847693,Brockman_Iron_Formation,Hamersley_Group
544076.99890803,7513046.905069346,733.2943005756384,171.10371878473555,-0.15464626240120088,0.9879699051718828,Brockman_Iron_Formation,Hamersley_Group
543052.331180725,7512458.154400385,789.5350336966604,113.960267733933,0.9138272930944628,-0.4061030391361864,Brockman_Iron_Formation,Hamersley_Group
542099.109158005,7512442.42436254,766.2730384072111,134.98098743123322,-0.7073413828554661,0.7068721016563866,Brockman_Iron_Formation,Hamersley_Group
542927.265687645,7510332.90579376,776.943631025926,179.99928136958312,-1.254246687952023e-05,0.9999999999213433,Brockman_Iron_Formation,Hamersley_Group
542192.7832881149,7508488.910010615,688.0308642259939,16.699115119071465,0.28734572712275475,0.9578269327515777,Brockman_Iron_Formation,Hamersley_Group
541380.180791145,7505910.400110475,668.9381511537863,45.020672572214224,0.7073618624287582,0.7068516078932823,Brockman_Iron_Formation,Hamersley_Group
538708.0356038299,7504254.15476099,773.5756886628941,67.77108674727008,0.9256797965832789,0.37830796211227075,Brockman_Iron_Formation,Hamersley_Group
536098.4599742,7503988.39708473,733.124231999742,61.39546027697066,0.877945044425535,0.47876142176312125,Brockman_Iron_Formation,Hamersley_Group
534707.684401565,7502332.125551795,742.0984811122172,60.25353853513966,0.8682294587125438,0.49616288356115806,Brockman_Iron_Formation,Hamersley_Group
531976.3797597026,7502106.157690957,675.4361315334836,68.9044559672948,0.9329815294240336,0.3599242500215723,Brockman_Iron_Formation,Hamersley_Group
528457.06442511,7501722.55503403,560.7173133396273,75.9273148340998,0.969988044574258,0.24315261335837454,Brockman_Iron_Formation,Hamersley_Group
521154.048257135,7509568.033332376,587.9518628364802,80.3949286888457,-0.985981272326886,-0.16685601763393146,Brockman_Iron_Formation,Hamersley_Group
523819.644828185,7510517.04947887,574.1000906575243,63.27042585523181,-0.893139346048812,-0.4497800668543467,Brockman_Iron_Formation,Hamersley_Group
524539.4355488,7510833.05512665,608.8639244278647,42.401565880674866,-0.6743225691490741,-0.7384369118186009,Brockman_Iron_Formation,Hamersley_Group
525448.505033425,7511423.342381295,711.5693945462206,28.513706575772716,-0.4773689815192152,-0.8787029392708934,Brockman_Iron_Formation,Hamersley_Group
526565.290300945,7512219.36009336,613.7223031762243,76.06606861520133,-0.970574044860385,-0.24080287258118716,Brockman_Iron_Formation,Hamersley_Group
528553.80627968,7512424.659527725,702.9366378820415,73.78629424216564,-0.9602269205726927,-0.27922081048425457,Brockman_Iron_Formation,Hamersley_Group
530114.03561447,7513514.209362315,759.2687685601572,9.439126478450959,-0.16399964029963626,-0.9864603985875915,Brockman_Iron_Formation,Hamersley_Group
529695.4905282999,7514385.9431774095,640.7821328261972,173.47605939910528,0.1136183602334699,-0.9935244678506199,Brockman_Iron_Formation,Hamersley_Group
529983.923790665,7514591.46076944,660.4599981327017,80.06511703780885,-0.9850044692764643,-0.17252882514348436,Brockman_Iron_Formation,Hamersley_Group
530719.4205212151,7514794.23759617,671.6726722982526,86.41393515499969,-0.9980419704644242,-0.06254778326599167,Brockman_Iron_Formation,Hamersley_Group
530864.24503607,7514903.73851831,691.469819490912,169.44467908460382,0.18318480459420491,-0.9830784950174543,Brockman_Iron_Formation,Hamersley_Group
530489.368515495,7515327.98625252,690.2938895792055,165.67123280684427,0.247485507155969,-0.9688915954572795,Brockman_Iron_Formation,Hamersley_Group
530678.16348535,7515773.99548125,908.2099602460036,19.15476522983488,-0.3281209632635932,-0.9446357146895155,Brockman_Iron_Formation,Hamersley_Group
530573.33408702,7517123.734042055,817.3361380544638,39.32518038141032,-0.63372089918068,-0.773561776422304,Brockman_Iron_Formation,Hamersley_Group
531731.38672552,7517254.25486218,670.3744516270344,53.33961700197513,-0.8021886787359641,-0.5970706186941777,Brockman_Iron_Formation,Hamersley_Group
532794.03028255,7518047.501067755,703.0569317103173,85.85524331339342,-0.997384628279585,-0.07227657484686253,Brockman_Iron_Formation,Hamersley_Group
536650.565490945,7517959.489610235,795.1371091871465,92.61627779625414,-0.9989576417990808,0.045646794972042215,Brockman_Iron_Formation,Hamersley_Group
537751.2554691101,7518723.72492859,753.8250915747165,58.92758380594506,-0.856515659089171,-0.5161210378729422,Brockman_Iron_Formation,Hamersley_Group
539249.2994999799,7519485.71930426,750.7519017333185,42.93382455270989,-0.6811532068769681,-0.7321409077228388,Brockman_Iron_Formation,Hamersley_Group
539520.843527165,7520234.723989245,643.4428040755691,30.081609691119496,-0.5012330224330949,-0.8653123466255319,Brockman_Iron_Formation,Hamersley_Group
541286.69466615,7520693.459148775,635.1690302829347,120.98611239670215,-0.8572921127177002,0.5148302957985494,Brockman_Iron_Formation,Hamersley_Group
543833.7696314701,7519865.190817375,652.0721045474766,116.5628767666795,-0.8944441623893667,0.44717965111080826,Brockman_Iron_Formation,Hamersley_Group
546537.09519916,7519130.674631745,652.6576434544849,111.0089333397175,-0.9335245397840578,0.35851350549311667,Brockman_Iron_Formation,Hamersley_Group
547817.685061515,7517962.65793664,749.1015045007375,0.2682142177223356,0.004681204102685322,0.9999890431040478,Brockman_Iron_Formation,Hamersley_Group
517705.71792246215,7509322.310538672,597.2529779920297,70.22530244859671,-0.9410302676081091,-0.3383223838964998,Brockman_Iron_Formation,Hamersley_Group
541046.085786165,7490334.90064357,637.6812359013542,20.280280392546956,-0.3466128358487371,-0.9380082846248728,Wittenoom_Formation,Hamersley_Group
541984.2541805799,7491030.14927013,630.0449597367304,74.3370621722378,-0.9628665847823503,-0.2699776655754564,Wittenoom_Formation,Hamersley_Group
543057.965332935,7491476.15873632,650.5982856118628,19.25426425734807,-0.3297609084873419,-0.9440644804427306,Wittenoom_Formation,Hamersley_Group
543610.1415550329,7492174.3746002745,590.052674942724,87.97171365051894,-0.999373475699013,-0.03539288161868297,Wittenoom_Formation,Hamersley_Group
545576.61009292,7492868.913536049,601.8377363831169,68.8839954128869,-0.9328529395341171,-0.3602573985396509,Wittenoom_Formation,Hamersley_Group
547617.92541423,7492860.930360755,577.8067104583309,109.78980431612027,-0.9409410318783376,0.3385704867937096,Wittenoom_Formation,Hamersley_Group
549675.7912967349,7492977.2065237295,599.4251561996163,69.88190022657821,-0.9389856429214105,-0.3439563379085568,Wittenoom_Formation,Hamersley_Group
551393.508414065,7493422.89418282,633.185534650937,90.34467070665254,-0.9999819061002836,0.006015602384097631,Wittenoom_Formation,Hamersley_Group
553083.070230135,7493366.235494681,633.3736677878336,93.20267151127916,-0.9984381603258831,0.055868058898322644,Wittenoom_Formation,Hamersley_Group
554848.857776715,7493576.00438467,596.2653646710176,92.9654705934036,-0.9986608937669299,0.05173412085497199,Wittenoom_Formation,Hamersley_Group
556687.548405753,7494050.030377721,615.3287799544191,57.09575580249745,-0.8395796264637314,-0.5432366434869992,Wittenoom_Formation,Hamersley_Group
558568.776029005,7494838.2807854805,635.6994273455789,67.2153458298579,-0.9219669088588704,-0.38726866510114044,Wittenoom_Formation,Hamersley_Group
560787.4455066449,7495338.550072015,620.3627227075546,85.58000249111545,-0.9970259148414761,-0.07706701716375017,Wittenoom_Formation,Hamersley_Group
562579.1302414465,7495956.81083882,616.3724651062122,67.96357723310012,-0.9269455308758222,-0.3751959258698582,Wittenoom_Formation,Hamersley_Group
559504.16501603,7498283.005086079,594.6237407426826,71.59295534314514,0.9488371946477933,0.31576570119774827,Jeerinah_Formation,Fortescue_Group
557562.394608815,7497835.510008695,604.4621014037087,69.9201343008443,0.9392149595074629,0.34332966641028106,Jeerinah_Formation,Fortescue_Group
557358.2592739431,7496667.67879043,626.168174030571,99.6373973486359,-0.9858869759422588,0.16741227752894391,Jeerinah_Formation,Fortescue_Group
559293.9599911501,7497542.515610245,608.8603153962542,87.58801569118333,-0.9991140492947528,-0.04208463498525655,Jeerinah_Formation,Fortescue_Group
561778.670301185,7497825.014524365,611.1360169893828,76.06612509443414,-0.9705742822310011,-0.2408019158390919,Jeerinah_Formation,Fortescue_Group
554100.30396164,7496631.9915583,581.7755932556238,65.45325051613464,0.9096226063528797,0.41543557143291654,Jeerinah_Formation,Fortescue_Group
552138.555783185,7495993.469781276,610.9997176330857,91.3200845561976,0.9997345950439651,-0.02303778358000199,Jeerinah_Formation,Fortescue_Group
550523.005287075,7495938.710445205,547.5686770052098,77.51994471010784,0.9763712907831574,0.21609975135208043,Jeerinah_Formation,Fortescue_Group
548606.8371080151,7495525.680108041,568.5531286478059,78.30022413076497,0.9792236038816314,0.20278346481177803,Jeerinah_Formation,Fortescue_Group
546694.0439093299,7494495.6608369,533.5386489524548,60.38274278538002,0.8693461171411805,0.4942037318875211,Jeerinah_Formation,Fortescue_Group
543576.6294603399,7494216.394720275,579.8544153214541,63.69013921675672,0.8964101631663697,0.4432254723862816,Jeerinah_Formation,Fortescue_Group
542610.0629610622,7493032.428140255,531.8688383681849,31.269932493597253,-0.519070640036343,-0.8547313441381809,Jeerinah_Formation,Fortescue_Group
543396.505742385,7493781.397994354,545.1464625966377,59.835533354642706,-0.8645865956357046,-0.5024838491405098,Jeerinah_Formation,Fortescue_Group
545061.88585874,7494281.398559449,535.7665582732286,91.21507769657379,-0.9997751377452041,0.021205516889671466,Jeerinah_Formation,Fortescue_Group
547124.369848095,7494044.42058903,534.8794915697216,88.36634529135642,-0.9995935418326998,-0.02850879033488742,Jeerinah_Formation,Fortescue_Group
549279.0230114199,7495127.44407951,568.1710452043085,81.1413049384815,-0.9880711408621851,-0.15399811880441927,Jeerinah_Formation,Fortescue_Group
551715.34455979,7495158.400909195,587.3697885732772,87.02419970802322,-0.9986515505345733,-0.05191416584028597,Jeerinah_Formation,Fortescue_Group
554742.5592869399,7495670.898558965,581.4507055507469,93.94959858942009,-0.9976250270007602,0.06887891913882305,Jeerinah_Formation,Fortescue_Group
555417.7418767354,7496770.063766753,565.8810147710194,33.6014238380053,-0.5534122477160326,-0.8329074883070079,Jeerinah_Formation,Fortescue_Group
557147.514831315,7478196.050771,545.7816627107951,163.8330186692057,0.2784376573837795,-0.9604543044573399,Jeerinah_Formation,Fortescue_Group
556417.22031447,7479814.030298005,546.1645398893252,157.04986681945974,0.3899298282362148,-0.9208445737754424,Jeerinah_Formation,Fortescue_Group
552782.9094364201,7483379.02597077,504.1871853913133,122.91536612377644,0.8394741606823787,-0.5433996076062403,Jeerinah_Formation,Fortescue_Group
548439.71201388,7485168.239347249,521.0264599263513,106.97324574848878,0.9564411746032786,-0.29192512657101094,Jeerinah_Formation,Fortescue_Group
545653.18526342,7486268.465441835,541.8744793803091,110.68695163388284,0.9355245058542706,-0.35326179944358943,Jeerinah_Formation,Fortescue_Group
542228.24427185,7487521.66634451,528.8331190632133,108.7273537145335,0.9470571051952409,-0.32106516394528134,Jeerinah_Formation,Fortescue_Group
538964.442769715,7488554.623428785,507.79518826221516,111.61756522001312,0.9296635859132385,-0.3684095778165095,Jeerinah_Formation,Fortescue_Group
537161.445562285,7489866.109766245,487.85173148343193,154.63875668560192,0.42832399062610044,-0.9036252315280556,Jeerinah_Formation,Fortescue_Group
537444.2819397487,7490775.9932028605,517.3363221025227,22.03885023170244,-0.3752351976691958,-0.9269296340230793,Jeerinah_Formation,Fortescue_Group
538135.625996505,7491638.444756941,499.2763635508497,57.65392205394538,-0.8448318274260138,-0.5350319461191286,Jeerinah_Formation,Fortescue_Group
539151.7025146354,7492388.868549326,532.9649027530681,44.38006698697595,-0.6994147354849456,-0.7147160469630744,Jeerinah_Formation,Fortescue_Group
540913.975033195,7493291.891632291,540.6709745340709,64.88303706092609,-0.9054431712106714,-0.4244675060684419,Jeerinah_Formation,Fortescue_Group
542912.8192757249,7494375.891265845,538.805127759243,49.94352274334685,-0.7654104662668514,-0.6435423980820231,Jeerinah_Formation,Fortescue_Group
544908.47456311,7494788.399105635,549.2103164601001,101.07863210295933,-0.9813643949218851,0.1921559897052456,Jeerinah_Formation,Fortescue_Group
547404.8798663251,7495525.919192266,552.4034523176765,59.7887832340693,-0.8641763094304765,-0.5031891356330355,Jeerinah_Formation,Fortescue_Group
549184.64584168,7496006.183496175,548.8215442671483,75.86104189456641,-0.9697061457503077,-0.2442744171911645,Jeerinah_Formation,Fortescue_Group
551498.0432909951,7496452.24971026,561.7343086207836,81.34803879976731,-0.9886203617510834,-0.15043197908409375,Jeerinah_Formation,Fortescue_Group
553520.2133499449,7497016.980055425,563.8758952150058,81.58514905291679,-0.9892344353143094,-0.1463394409869712,Jeerinah_Formation,Fortescue_Group
556308.400508775,7497590.509508835,607.534626344273,51.62170036090549,-0.7839286563277351,-0.6208509175222274,Jeerinah_Formation,Fortescue_Group
559523.01483513,7498900.25100327,594.9695428005048,73.67114030985793,-0.9596637993539634,-0.28115012397207945,Jeerinah_Formation,Fortescue_Group
540679.305443425,7490497.983351871,587.5047660834617,14.026269571562125,-0.242366741545486,-0.9701847054002777,Marra_Mamba_Iron_Formation,Hamersley_Group
541420.345006945,7491459.400505035,596.1308799807305,60.91788610378683,-0.873924000455292,-0.4860625900315913,Marra_Mamba_Iron_Formation,Hamersley_Group
542447.6732527099,7491523.8996898,579.5122537862005,53.87514071388743,-0.8077341694646003,-0.5895468696205013,Marra_Mamba_Iron_Formation,Hamersley_Group
542945.0999825,7492479.14449434,544.5536829153896,49.49409657783815,-0.760339046233765,-0.6495263926680183,Marra_Mamba_Iron_Formation,Hamersley_Group
544448.5282388199,7493027.91016376,555.6149040344825,45.27341501257018,-0.7104730253494111,-0.7037244348826143,Marra_Mamba_Iron_Formation,Hamersley_Group
546243.7315951351,7493409.66525931,539.6860605193216,93.04781822565599,-0.9985855081413194,0.05316937962909706,Marra_Mamba_Iron_Formation,Hamersley_Group
548844.421592305,7493338.1949412655,554.3871440979028,80.85754051913698,-0.9872963313744803,-0.15888975440377615,Marra_Mamba_Iron_Formation,Hamersley_Group
550838.23954144,7494030.466354165,619.034859349378,83.83135276255062,-0.9942099133388064,-0.10745533127231521,Marra_Mamba_Iron_Formation,Hamersley_Group
553502.536055435,7493974.740182485,617.1301983930198,94.69292032970986,-0.996647503823247,0.08181535994476329,Marra_Mamba_Iron_Formation,Hamersley_Group
555518.828835135,7494053.010063356,600.6925426768453,71.39097838836244,-0.9477181759401909,-0.31910853795001687,Marra_Mamba_Iron_Formation,Hamersley_Group
556734.159491695,7494857.75955969,614.5993343827029,55.217566675348266,-0.8213241492180127,-0.5704617795359368,Marra_Mamba_Iron_Formation,Hamersley_Group
558003.43966947,7495640.2759028245,662.9310069949929,33.258276719774585,-0.5484140303611338,-0.8362069428694415,Marra_Mamba_Iron_Formation,Hamersley_Group
558365.833351865,7496287.52000688,720.9892033464224,176.90417452307832,0.054006060285873896,-0.998540607813422,Marra_Mamba_Iron_Formation,Hamersley_Group
560772.81534635,7496271.2779793795,667.1591398261197,45.24402751570756,-0.7101119856112944,-0.7040887500103838,Marra_Mamba_Iron_Formation,Hamersley_Group
561735.634951215,7496800.530956405,616.6029350124858,78.30281986867958,-0.9792327898139133,-0.202739101688008,Marra_Mamba_Iron_Formation,Hamersley_Group
518565.910294295,7495090.429851425,550.9439790138688,10.199472869601218,0.17707568555399475,0.984197237135719,Jeerinah_Formation,Fortescue_Group
516532.584689345,7495445.160424611,533.3305736525447,35.53631826776105,0.581218885146254,0.813747262698527,Jeerinah_Formation,Fortescue_Group
551057.91071535,7473697.748078115,475.8029995869355,174.92206659691817,0.08851068023556677,-0.9960752278238011,Boongal_Formation,Fortescue_Group
550559.56615781,7477930.25112979,478.35019228239184,149.73033035454617,0.5040705021480502,-0.8636625086596109,Boongal_Formation,Fortescue_Group
546944.9648381651,7481494.72074724,519.9196357616886,124.33011747454083,0.8258019634244744,-0.5639602088838209,Boongal_Formation,Fortescue_Group
543615.8687487601,7483125.69131207,502.47901283017814,106.97229633353403,0.9564460117930282,-0.29190927790190313,Boongal_Formation,Fortescue_Group
538750.9399959049,7484463.114401709,576.0787189712352,103.15773426455704,0.9737470869757447,-0.2276326220168175,Boongal_Formation,Fortescue_Group
533847.68962362,7485781.819485715,507.327727070752,104.17310636060266,0.9695603861044457,-0.24485231813686822,Boongal_Formation,Fortescue_Group
531920.005231765,7486272.794872925,444.4874866203694,112.3881787629409,0.9246246361865297,-0.38087961635788253,Boongal_Formation,Fortescue_Group
529489.0402215682,7487319.09187115,433.29808572715933,98.11305840795697,0.9899915188922379,-0.14112686675980515,Boongal_Formation,Fortescue_Group
528874.63580228,7487107.265672065,423.85222196252505,92.69706800785674,0.9988922842285596,-0.04705533453978023,Boongal_Formation,Fortescue_Group
526537.59507351,7486451.48913352,567.6489091838865,64.24550767813015,0.9006641735228116,0.4345158760419125,Boongal_Formation,Fortescue_Group
522875.19968306494,7485252.7049212,450.5748316017525,41.83430638613567,0.6669787114992849,0.7450767734983783,Boongal_Formation,Fortescue_Group
522003.64437886,7483860.179200635,501.3038244963125,1.9018912464454563,0.03318816870036318,0.9994491209953191,Boongal_Formation,Fortescue_Group
520733.33391204034,7482825.640421781,458.9560928240711,37.25391478057136,0.6053483741119235,0.7959606434743183,Boongal_Formation,Fortescue_Group
518857.42545494,7480214.37446271,476.38092452397245,37.16076720441085,0.6040535561083041,0.7969437253363074,Boongal_Formation,Fortescue_Group
518133.92996129,7477860.129967775,453.46153058849825,178.1599163709999,-0.032109997430561324,0.999484341080444,Boongal_Formation,Fortescue_Group
518865.37905159,7475214.93477552,516.2893581462251,140.36408203341932,-0.6379068890311252,0.7701134987303049,Boongal_Formation,Fortescue_Group
519887.15097914,7474114.678954375,394.0217506054381,144.35786993570835,-0.5827206925003549,0.8126725014001068,Boongal_Formation,Fortescue_Group
552570.24919258,7475197.52515986,483.002728489729,176.6256352935307,0.05885973491459432,-0.9982662628806924,Pyradie_Formation,Fortescue_Group
551550.535887305,7478060.76573761,478.2194090260549,154.05337947743283,0.4375335973174464,-0.8992020636199934,Pyradie_Formation,Fortescue_Group
550937.39910735,7479512.261216154,485.9330284685584,154.53675434853426,0.4299320138935854,-0.9028612647740548,Pyradie_Formation,Fortescue_Group
548343.0259302349,7481569.2290069945,540.0769869337522,124.76621214666254,0.8214856214255961,-0.5702292291622748,Pyradie_Formation,Fortescue_Group
545904.244837675,7482909.7210574895,524.8143562695635,117.5963083109036,0.886233428541878,-0.46323893417426387,Pyradie_Formation,Fortescue_Group
542966.2216120351,7484252.685351395,529.920727399767,104.75881751921808,0.967006745561351,-0.25475076847547345,Pyradie_Formation,Fortescue_Group
540006.20376726,7484981.389545385,543.4782573201799,106.25886231957416,0.9600065598854448,-0.27997750798396936,Pyradie_Formation,Fortescue_Group
536223.78433393,7485950.341317235,511.93742166939796,102.76198145760897,0.9752961478439324,-0.22090138976653453,Pyradie_Formation,Fortescue_Group
533222.7401978651,7486739.81089296,454.13346300851276,104.15176291244818,0.9696515296115062,-0.2444911268779833,Pyradie_Formation,Fortescue_Group
531687.8454304538,7487086.187506912,421.434621425673,107.66639985365225,0.9528396125070142,-0.30347433637374205,Pyradie_Formation,Fortescue_Group
529517.5987749749,7487915.01941948,458.89681513542246,121.9316085230941,0.8486800333991117,-0.5289066088731381,Pyradie_Formation,Fortescue_Group
526401.1711574199,7488511.2448266,471.0290846376223,68.45892198925796,0.9301545670959578,0.36716819212798285,Pyradie_Formation,Fortescue_Group
524570.0207301751,7487926.229178305,613.6366627825147,74.42639489389559,0.9632863499826178,0.2684760844789824,Pyradie_Formation,Fortescue_Group
522102.25559846696,7487469.573913844,465.2401782351228,62.10454011249743,0.8838027060311546,0.46785978328128247,Pyradie_Formation,Fortescue_Group
520659.43513910496,7485363.1863877,548.5880583151529,36.01104019666038,0.5879411290697699,0.8089037203203878,Pyradie_Formation,Fortescue_Group
519886.44511681504,7484626.16462847,515.4098073265819,52.00578575804294,0.7880729194095019,0.6155818984451904,Pyradie_Formation,Fortescue_Group
518781.50397343,7483632.898833919,546.4784654137899,24.23192829497284,0.41043125263448893,0.911891543365155,Pyradie_Formation,Fortescue_Group
517044.94494914,7480208.3541936,437.8434320906041,23.46181327550262,0.39813777447453713,0.9173256305895211,Pyradie_Formation,Fortescue_Group
516556.53947777,7477808.36974945,402.47157031046765,0.9207162571842701,0.01606883856817471,0.999870887878565,Pyradie_Formation,Fortescue_Group
517321.73630955,7474908.22083124,424.7272728520172,157.45022755214595,-0.38348585563997795,0.9235467495065282,Pyradie_Formation,Fortescue_Group
554512.4190960999,7475069.5756899845,497.0012545773733,0.2745278005334626,-0.004791395674322304,-0.9999885211978646,Bunjinah_Formation,Fortescue_Group
554369.5996356,7476664.3004177045,499.8223720230028,177.840907624824,0.037674352879147874,-0.9992900695669589,Bunjinah_Formation,Fortescue_Group
554118.3484559,7478438.280211675,501.98854877644544,157.56437770340796,0.3816451173056569,-0.9243089334398706,Bunjinah_Formation,Fortescue_Group
552679.94060864,7480831.01946462,494.0828845337719,137.598331758039,0.6743238883961639,-0.7384357071121886,Bunjinah_Formation,Fortescue_Group
551002.6587203899,7482528.50414281,497.82438908880965,112.1205357729368,0.9263937262464564,-0.37655632244221504,Bunjinah_Formation,Fortescue_Group
549013.2849890799,7483420.993988199,532.9900596734367,116.88816011256294,0.8918910039427372,-0.452250414135815,Bunjinah_Formation,Fortescue_Group
545553.535524445,7484709.72420354,558.3863966720234,104.70237137920466,0.9672572493184631,-0.25379797800786486,Bunjinah_Formation,Fortescue_Group
542699.655159655,7485685.930576305,545.2005310472999,97.54111567587807,0.991350939999954,-0.13123762326866395,Bunjinah_Formation,Fortescue_Group
538646.3292202901,7486535.365042111,528.6960433147452,106.55983592696933,0.9585226051987669,-0.285016517631819,Bunjinah_Formation,Fortescue_Group
535750.15437773,7487314.84069731,496.16923801805484,108.448384884533,0.9486091154440133,-0.3164502268865149,Bunjinah_Formation,Fortescue_Group
532927.20165611,7488778.303841624,515.5599577681648,125.37157628845739,0.8154150694770924,-0.5788767264881776,Bunjinah_Formation,Fortescue_Group
529941.3616905,7491419.779484125,524.5929274541514,129.95385274117547,0.766561909624703,-0.642170412517214,Bunjinah_Formation,Fortescue_Group
529649.8338727499,7489629.774387315,468.50690607501724,103.59857068631186,0.971966866185326,-0.23511786626685008,Bunjinah_Formation,Fortescue_Group
528282.66507783,7490023.764053185,465.52168897386406,91.94678323292435,0.9994228108601095,-0.0339712397842283,Bunjinah_Formation,Fortescue_Group
525448.755434345,7490823.739333085,570.5563409032761,52.45940534726093,0.7929218274283064,0.609323375218574,Bunjinah_Formation,Fortescue_Group
523315.56407859,7489587.720245395,629.1810170481816,79.0346893023599,0.981742527410735,0.19021464158466414,Bunjinah_Formation,Fortescue_Group
521351.1488209431,7489176.010905113,530.9589375182907,65.59439744113278,0.9106432618212112,0.4131934773197964,Bunjinah_Formation,Fortescue_Group
519251.7416696475,7486873.986732459,723.0747700995373,38.87616996512366,0.6276393222375546,0.7785042589358027,Bunjinah_Formation,Fortescue_Group
517727.50828646496,7485977.396243051,732.6217972146621,54.66267803810156,0.8157610056347149,0.5783891265280138,Bunjinah_Formation,Fortescue_Group
516401.46896962496,7485293.87624733,660.736177855082,40.069047270583305,0.643710304564413,0.7652692622845835,Bunjinah_Formation,Fortescue_Group
516159.88531819,7484642.86992159,754.3385840634876,54.47380291497195,0.8138499211337561,0.581075129282418,Bunjinah_Formation,Fortescue_Group
521284.41989346,7515035.463560365,622.6962018870829,26.84065754888522,-0.4515108132392373,-0.8922656473988241,Jeerinah_Formation,Fortescue_Group
522409.24259993155,7521273.57407786,562.2478296354526,90.0,-1.0,0.0,Jeerinah_Formation,Fortescue_Group
518863.93934109074,7513159.79348176,582.488136259859,23.409921376708354,-0.39730680370395577,-0.9176858415223298,Jeerinah_Formation,Fortescue_Group
518914.90120184503,7517398.7186596,657.3514759607322,7.9522075055588175,-0.13834703401090906,-0.9903838135694587,Jeerinah_Formation,Fortescue_Group
519194.90840944997,7518616.545994395,671.3548730792832,6.9111372367414665,0.1203298101761277,0.9927339708013305,Jeerinah_Formation,Fortescue_Group
520111.564686045,7513813.46615762,616.5430364084452,43.62587373142936,0.689946496243864,0.7238603679721772,Jeerinah_Formation,Fortescue_Group
520223.35885213,7513924.215402645,613.0558252404435,46.91305897661718,-0.7303179908739448,-0.6831073357868767,Jeerinah_Formation,Fortescue_Group
524220.799026705,7519968.054284535,593.9508847655721,171.96179199491885,0.13983343566374923,-0.9901750402178757,Jeerinah_Formation,Fortescue_Group
524851.63450196,7520881.35507128,588.1320774109464,23.831955233476492,-0.4040555285633422,-0.9147344586476439,Jeerinah_Formation,Fortescue_Group
523823.331831395,7517984.504315185,610.2003910043186,35.96275528165675,0.5872592323384597,0.8093989090882463,Jeerinah_Formation,Fortescue_Group
519495.1305424605,7512922.742159684,576.7434946425346,75.10995689320002,-0.966420749412237,-0.25696485188735474,Jeerinah_Formation,Fortescue_Group
520549.554475485,7512980.488767655,589.9721111605078,50.47633334435204,-0.7713617784216636,-0.6363968940764624,Jeerinah_Formation,Fortescue_Group
553117.918804105,7521221.2351458855,652.5468962697753,85.68391250882476,0.9971640417141043,0.07525871319914994,Jeerinah_Formation,Fortescue_Group
551612.40205939,7520895.18970662,647.0500347911977,33.348366337489885,0.5497281706185426,0.8353436050083765,Jeerinah_Formation,Fortescue_Group
552599.09608373,7519779.185106605,661.9340319576478,100.32772034246281,-0.9837984162638598,0.17927820881724923,Jeerinah_Formation,Fortescue_Group
553894.73048764,7519425.194645215,654.724422131077,122.83070515941398,-0.8402761780560735,0.5421585972678824,Jeerinah_Formation,Fortescue_Group
554162.66403767,7518411.91615513,647.7910443500505,4.3957928280333824,0.07664581533050743,0.9970583829406992,Jeerinah_Formation,Fortescue_Group
554427.29532447,7516430.8790287245,649.9764039294136,176.93363179826548,-0.05349267704231599,0.9985682417856311,Jeerinah_Formation,Fortescue_Group
553804.109602205,7515103.87964891,634.1262759578619,48.09105697710005,0.7442072983904617,0.6679487233481103,Jeerinah_Formation,Fortescue_Group
551363.88530747,7514159.3706606105,627.1113831420491,77.07787742041093,0.9746749220175683,0.22362646621106158,Jeerinah_Formation,Fortescue_Group
548583.704687885,7513267.634851845,629.369297378078,57.907306114830426,0.847189676188107,0.5312905538029924,Jeerinah_Formation,Fortescue_Group
547607.911325785,7511796.03023771,606.4590512762247,52.290292268182306,0.7911199094330972,0.6116610899007456,Jeerinah_Formation,Fortescue_Group
547274.7318930076,7510833.02593386,610.4210578002532,0.2776221334717411,0.004845401345306549,0.9999882609739991,Jeerinah_Formation,Fortescue_Group
547196.86720726,7509847.39038322,583.5162155056678,49.26120210277718,0.7576925932979344,0.6526116257480027,Jeerinah_Formation,Fortescue_Group
546776.6107238049,7508408.3966918,577.417518779084,8.40584003340519,0.14618386216711343,0.9892574379007248,Jeerinah_Formation,Fortescue_Group
546222.635345025,7506937.892936135,566.3211780346866,52.712530594544546,0.7956059915733411,0.6058144156196685,Jeerinah_Formation,Fortescue_Group
545122.87134142,7505034.410607435,546.8920188107365,33.32723505372597,0.5494200497648937,0.8355462937003201,Jeerinah_Formation,Fortescue_Group
543555.256042425,7503041.40492044,536.8960628122811,43.91655305286499,0.6936099703512609,0.7203507541672478,Jeerinah_Formation,Fortescue_Group
540651.6345203449,7500931.140097884,546.4713277119278,67.21759176540924,0.9219820886833847,0.38723252465027175,Jeerinah_Formation,Fortescue_Group
538629.75433365,7499701.13002922,513.4120932960604,49.80043996578508,0.7638009849858868,0.6454518226286058,Jeerinah_Formation,Fortescue_Group
536582.47959845,7499129.865453266,508.4844954153909,77.58680717393588,0.9766228078624027,0.2149602083246016,Jeerinah_Formation,Fortescue_Group
534074.2086106839,7499028.317216309,509.11668398709037,96.16222966330072,0.9942219429373625,-0.10734397133447164,Jeerinah_Formation,Fortescue_Group
531408.960051105,7499404.585909786,521.673696401671,89.99754425276473,0.9999999990814726,4.286087483903279e-05,Jeerinah_Formation,Fortescue_Group
530142.0153361501,7499647.07046245,516.2079879647303,89.99971750868741,0.9999999999878456,4.930403512961971e-06,Jeerinah_Formation,Fortescue_Group
528450.13406347,7499343.80142681,506.144469765865,88.14193165450702,0.9994742127538159,0.03242372649989594,Jeerinah_Formation,Fortescue_Group
525410.3783166124,7499029.046403592,511.54158051993033,80.54274839078676,0.9864084690569059,0.16431169213665583,Jeerinah_Formation,Fortescue_Group
521367.33522671496,7497773.959798075,496.04055510367,88.01926795027576,0.9994025068309811,0.03456341042129165,Jeerinah_Formation,Fortescue_Group
523024.8726708725,7498293.11186629,487.8010945122089,66.3108583756603,-0.9157387517901826,-0.4017742381857733,Jeerinah_Formation,Fortescue_Group
547862.4499210464,7511420.29648143,590.8212859799509,36.14495997043406,-0.5898302051590385,-0.8075272930880086,Jeerinah_Formation,Fortescue_Group
548341.600474085,7511843.130226145,621.6712269181246,62.6639796695347,-0.888328716311324,-0.4592081137966479,Jeerinah_Formation,Fortescue_Group
549622.08249261,7512972.128504245,602.1765503441077,54.36784007974478,-0.8127738893957872,-0.5825792690410848,Jeerinah_Formation,Fortescue_Group
552274.603996995,7513769.374106441,634.104670263478,69.58208693977772,-0.9371729654661934,-0.34886506388473615,Jeerinah_Formation,Fortescue_Group
554360.355109415,7515065.88981294,639.2849689547387,46.32988641639548,-0.7233274231132535,-0.69050520560843,Jeerinah_Formation,Fortescue_Group
554912.39568109,7516797.3853192795,648.641821736031,173.02676332617426,0.12140570371953918,-0.9926029695222373,Jeerinah_Formation,Fortescue_Group
554975.240411185,7519052.694626865,643.4170095465126,176.41816179978898,0.062474158669607864,-0.9980465818279849,Jeerinah_Formation,Fortescue_Group
553193.8647694,7520302.70531807,651.6954156179733,147.9986553183828,0.5299391670311643,-0.8480356591832183,Jeerinah_Formation,Fortescue_Group
554240.81985597,7521021.499009766,635.7489640717416,69.44326655310064,-0.936324959865471,-0.3511346885924604,Jeerinah_Formation,Fortescue_Group
557811.64422898,7521028.8401947245,626.1336615612336,76.00523063464928,0.9703178077171362,0.2418333145515952,Jeerinah_Formation,Fortescue_Group
555945.9590718651,7520780.78024564,634.8313950374095,67.42369324864534,0.9233690539724666,0.38391351912376287,Jeerinah_Formation,Fortescue_Group
555420.129279695,7520257.488695215,646.4330699680203,19.39385265114769,0.332059930219257,0.9432582905772852,Jeerinah_Formation,Fortescue_Group
555577.6591157101,7519576.720509475,639.426860632833,139.03906621320496,-0.6555442898430526,0.7551567281393763,Jeerinah_Formation,Fortescue_Group
555893.266674255,7518764.939888975,642.4274542431841,1.60111370661677,0.027941068987132386,0.9996095721149614,Jeerinah_Formation,Fortescue_Group
555427.084326345,7517370.37912437,641.7363490375815,14.294287702087045,0.24690240217111345,0.9690403519988906,Jeerinah_Formation,Fortescue_Group
555296.23531766,7515283.641074515,628.5494162085128,5.725506464364686,0.09976271055048402,0.9950112570135174,Jeerinah_Formation,Fortescue_Group
553148.0769466651,7513580.130980359,616.7045390878441,67.54010684774953,0.9241471832219682,0.3820366261798756,Jeerinah_Formation,Fortescue_Group
550483.85583774,7512989.620528525,617.3564620122906,75.72602950673301,0.9691278432043866,0.24655876282544412,Jeerinah_Formation,Fortescue_Group
548801.915474765,7511600.149637479,593.4505856189962,36.76641524558744,0.5985541352954493,0.80108235976129,Jeerinah_Formation,Fortescue_Group
548126.8388437497,7510365.952293871,581.1725083791869,25.656938356362296,0.4329817420036455,0.9014026908610205,Jeerinah_Formation,Fortescue_Group
561418.26460908,7475065.09477617,676.738419570909,136.86695826691394,0.6836947351568415,-0.7297681201031025,Wittenoom_Formation,Hamersley_Group
560651.2640025,7476890.090077724,700.0388803273968,14.035534572104638,-0.24252362186551682,-0.9701455008591402,Wittenoom_Formation,Hamersley_Group
559791.650915095,7479297.06941952,626.7457754007056,139.0865384747912,0.6549183818581169,-0.755699618303692,Wittenoom_Formation,Hamersley_Group
516046.10622018,7512782.178876204,546.6787715358572,70.8431138693904,-0.9446235680865366,-0.3281559303371801,Jeerinah_Formation,Fortescue_Group
517495.30620510504,7513289.695509375,558.3915987788804,50.066065816572376,-0.7667851102555152,-0.6419038827507101,Jeerinah_Formation,Fortescue_Group
517542.93078259495,7512608.7010680605,558.9307836314765,76.54758369062537,0.9725634595691867,0.23263773793349835,Jeerinah_Formation,Fortescue_Group
516266.35811442055,7498335.955517685,555.7422022464857,30.391364393331983,0.5059037605128008,0.862589928702513,Wittenoom_Formation,Hamersley_Group
516592.93508820503,7509198.199476965,567.1402034431635,73.51694254139169,-0.9589036771738709,-0.2837318062932474,Mount_McRae_Shale_and_Mount_Sylvia_Formation,Hamersley_Group
515828.154511115,7497090.91035152,583.9910333887767,70.34380955564015,0.9417280196839288,0.3363752918128587,Marra_Mamba_Iron_Formation,Hamersley_Group
